Cuisine,BasePrepTime,Distance,Weather,TrafficLevel,TimeOfDay,DriverRating,DeliveryTime
Italian,35,2.57,Clear,Low,Dinner,4.8,41.3
Italian,28,7.68,Fog,Low,Dinner,3.4,51.2
Indian,15,2.23,Fog,High,Morning,4.4,25.4
Vietnamese,27,19.57,Fog,Low,Dinner,4.5,68.8
Vietnamese,20,18.18,Clear,Medium,Dinner,3.9,63.6
Chinese,28,14.16,Clear,Jam,Lunch,4.6,96.2
Chinese,25,5.71,Snow,Medium,Lunch,3.4,46.8
American,34,3.38,Rain,Low,Lunch,4.9,39.0
Indian,33,15.48,Clear,Medium,Lunch,4.0,71.0
Indian,21,2.67,Rain,High,Afternoon,4.5,32.6
Italian,21,17.65,Fog,Low,Afternoon,3.9,62.3
Continental,17,5.9,Rain,Medium,Lunch,4.1,34.4
Indian,21,6.27,Clear,Low,Lunch,3.9,27.6
Chinese,25,15.5,Snow,Jam,Dinner,3.8,133.8
Mexican,27,11.83,Snow,Medium,Dinner,4.8,67.9
Vietnamese,14,16.21,Clear,Medium,Late,3.3,56.6
Vietnamese,25,15.35,Clear,Medium,Late,4.7,61.4
Japanese,35,15.81,Clear,Medium,Lunch,3.1,73.8
Chinese,8,10.91,Clear,Medium,Afternoon,4.7,35.9
Continental,13,16.13,Clear,Jam,Dinner,3.6,92.6
Japanese,17,11.72,Snow,Low,Lunch,4.2,48.3
Indian,36,17.37,Rain,High,Dinner,4.2,109.2
Greek,25,12.79,Fog,Low,Late,4.3,52.7
Japanese,9,16.36,Snow,Medium,Dinner,3.0,73.5
Italian,13,18.91,Clear,Medium,Late,3.4,59.1
Japanese,30,16.73,Rain,High,Dinner,4.8,92.1
Thai,15,11.02,Rain,Medium,Afternoon,3.6,46.7
Greek,28,9.43,Fog,Medium,Afternoon,5.0,53.7
American,19,5.56,Snow,High,Dinner,3.2,49.3
Indian,13,12.81,Snow,Medium,Dinner,4.7,59.8
Indian,23,1.0,Clear,Jam,Lunch,3.9,29.4
Vietnamese,14,17.93,Fog,Jam,Late,4.7,118.4
Continental,24,4.99,Snow,High,Dinner,3.2,52.1
Continental,32,10.52,Clear,Low,Dinner,3.5,53.9
Continental,18,2.87,Clear,Jam,Afternoon,4.8,30.3
Greek,10,6.33,Fog,Low,Lunch,4.8,25.2
Italian,40,19.54,Snow,Low,Dinner,4.7,93.3
Italian,13,16.54,Clear,High,Dinner,4.1,70.3
Japanese,16,16.16,Rain,Medium,Afternoon,3.6,70.1
Thai,8,15.14,Clear,High,Dinner,4.9,58.5
Thai,35,2.23,Clear,Medium,Dinner,3.3,40.0
Japanese,12,19.72,Clear,Medium,Late,3.7,61.1
American,24,4.14,Clear,Jam,Dinner,4.3,45.8
Italian,14,5.26,Clear,Medium,Morning,3.3,29.4
American,38,6.9,Clear,Medium,Lunch,4.4,58.2
Greek,37,16.5,Rain,Low,Afternoon,5.0,71.5
Indian,39,6.49,Rain,Jam,Dinner,3.5,80.1
Greek,40,14.27,Rain,Jam,Dinner,3.7,118.5
Chinese,28,15.89,Clear,Medium,Morning,4.3,71.6
Chinese,33,10.25,Clear,Medium,Afternoon,3.5,62.3
Indian,19,15.21,Clear,Medium,Afternoon,3.9,55.8
Indian,21,18.19,Rain,Medium,Late,3.8,76.0
Vietnamese,14,1.6,Snow,Medium,Dinner,4.3,19.0
Indian,26,17.76,Rain,Jam,Late,5.0,125.4
American,18,6.08,Clear,Low,Dinner,4.9,25.0
Greek,25,17.53,Rain,Low,Dinner,4.9,63.7
Greek,38,2.94,Clear,High,Dinner,3.8,49.4
Chinese,21,5.3,Snow,Low,Lunch,4.0,38.1
Thai,12,10.52,Rain,Low,Lunch,3.2,35.6
Japanese,22,0.52,Clear,Medium,Afternoon,4.8,27.0
Indian,29,4.96,Clear,Jam,Dinner,4.9,51.1
Chinese,23,11.25,Clear,Low,Afternoon,4.6,41.3
Continental,38,7.33,Rain,Low,Dinner,4.8,57.5
Greek,8,13.13,Rain,Medium,Dinner,4.6,46.9
Greek,35,7.96,Clear,Jam,Afternoon,3.2,76.7
Vietnamese,39,12.88,Snow,Low,Afternoon,4.9,73.7
Indian,13,2.36,Rain,Medium,Morning,3.6,18.0
Chinese,32,14.96,Clear,Jam,Dinner,4.7,100.3
Greek,25,16.94,Clear,Low,Lunch,3.6,54.1
Vietnamese,14,9.77,Clear,Medium,Afternoon,3.6,38.3
Greek,32,18.5,Clear,High,Lunch,3.2,95.5
Greek,24,4.74,Rain,Medium,Morning,4.3,43.7
Continental,22,14.11,Clear,Medium,Afternoon,4.0,57.5
Indian,35,9.55,Rain,Low,Lunch,3.0,56.0
Indian,11,9.63,Snow,High,Lunch,4.8,59.9
Vietnamese,31,10.19,Rain,Medium,Dinner,4.8,60.1
Indian,21,4.64,Clear,Low,Lunch,3.0,27.7
Continental,29,10.2,Rain,Jam,Dinner,4.4,84.2
Greek,40,19.56,Rain,High,Morning,3.3,123.0
Vietnamese,14,5.43,Clear,Low,Afternoon,4.5,27.3
Indian,36,17.34,Clear,Low,Dinner,4.1,63.9
Vietnamese,11,2.26,Rain,Low,Lunch,3.8,19.3
Vietnamese,11,8.48,Rain,Low,Lunch,3.4,31.1
Mexican,30,11.95,Clear,Medium,Lunch,4.7,59.4
Greek,22,3.29,Snow,Medium,Late,3.4,40.5
Indian,34,10.04,Clear,High,Afternoon,3.8,63.6
Greek,22,7.62,Clear,Medium,Late,5.0,44.0
Chinese,38,15.52,Clear,Jam,Afternoon,3.0,115.4
Japanese,16,11.48,Clear,Low,Dinner,3.4,39.3
Greek,22,11.3,Clear,High,Late,4.6,60.2
Chinese,28,5.0,Clear,Medium,Dinner,3.0,39.1
Italian,16,19.48,Snow,Jam,Afternoon,3.9,155.6
Mexican,27,3.71,Clear,Medium,Dinner,3.7,35.3
Chinese,21,17.7,Clear,Medium,Lunch,3.5,65.1
Mexican,26,14.46,Rain,High,Dinner,3.5,82.2
Indian,20,6.28,Clear,Low,Lunch,4.0,29.6
American,11,1.8,Clear,Low,Late,4.0,19.3
Vietnamese,25,19.82,Fog,High,Dinner,4.2,117.2
Mexican,11,17.52,Clear,High,Dinner,4.9,65.3
Italian,40,18.58,Clear,Medium,Late,4.2,85.8
Italian,33,4.98,Clear,Medium,Lunch,3.7,50.8
Chinese,10,2.9,Clear,High,Afternoon,3.4,19.4
Thai,31,6.42,Clear,Low,Dinner,3.2,46.1
Indian,23,11.05,Snow,Low,Dinner,3.7,53.5
American,18,1.98,Clear,High,Afternoon,4.4,23.0
American,28,10.86,Clear,Medium,Afternoon,3.8,55.4
Japanese,16,14.03,Clear,High,Dinner,5.0,59.2
Indian,36,1.78,Clear,Medium,Lunch,4.8,42.0
Indian,26,7.36,Clear,Medium,Dinner,4.3,42.0
Greek,28,17.98,Rain,Medium,Lunch,3.3,78.8
Continental,17,18.34,Clear,Jam,Late,4.8,107.5
Mexican,8,1.49,Rain,Medium,Afternoon,3.3,14.7
Indian,35,15.99,Clear,Medium,Lunch,4.0,77.0
Indian,26,12.19,Clear,High,Afternoon,3.4,66.6
Mexican,31,16.06,Clear,Medium,Lunch,4.0,69.3
Japanese,15,9.54,Fog,Jam,Lunch,4.1,73.7
Italian,35,16.93,Clear,Medium,Lunch,4.4,82.5
Indian,21,19.06,Clear,Medium,Morning,3.2,70.5
Greek,40,2.71,Clear,Low,Dinner,4.4,45.0
Thai,15,19.68,Rain,Medium,Dinner,4.4,70.3
Mexican,32,11.9,Clear,Jam,Dinner,3.8,87.6
Italian,40,3.84,Clear,Medium,Dinner,3.1,46.3
Continental,13,2.22,Clear,Low,Late,4.3,18.0
American,22,14.41,Snow,Medium,Dinner,4.3,73.0
Indian,8,8.8,Clear,Medium,Morning,4.6,32.3
Vietnamese,33,19.82,Clear,Medium,Lunch,3.4,87.3
Indian,33,18.83,Snow,Low,Morning,4.5,88.9
Indian,20,3.96,Clear,Jam,Lunch,4.7,42.4
Greek,14,1.65,Snow,Low,Afternoon,3.9,21.0
Continental,35,10.25,Clear,High,Lunch,5.0,70.9
Chinese,32,7.73,Clear,Medium,Dinner,3.9,52.0
Chinese,8,1.91,Clear,Low,Dinner,3.8,13.0
Thai,28,4.19,Rain,Low,Afternoon,4.8,34.5
Mexican,34,6.65,Snow,Medium,Afternoon,3.1,59.1
Chinese,30,5.44,Snow,Low,Dinner,3.5,43.9
Indian,13,19.82,Clear,Medium,Afternoon,4.5,58.2
Indian,39,19.23,Fog,Jam,Morning,4.2,155.5
Greek,38,19.69,Fog,Medium,Afternoon,4.6,100.3
Indian,29,7.51,Clear,Jam,Lunch,3.1,68.2
Greek,40,4.05,Clear,Low,Dinner,3.1,45.8
Mexican,17,1.06,Clear,High,Dinner,3.5,22.0
American,34,18.67,Clear,Medium,Afternoon,4.6,77.3
Vietnamese,11,1.25,Clear,Medium,Lunch,4.2,16.0
Greek,28,8.7,Clear,Medium,Lunch,3.7,50.8
Indian,13,6.52,Clear,Medium,Dinner,4.7,27.9
Mexican,34,12.14,Clear,Jam,Morning,4.6,89.6
Chinese,21,6.08,Clear,Low,Lunch,4.8,31.2
Chinese,18,11.16,Fog,Jam,Lunch,4.3,82.9
Italian,32,19.95,Clear,Medium,Afternoon,3.9,80.9
American,17,16.01,Clear,Medium,Dinner,3.8,62.0
Italian,20,6.63,Clear,High,Lunch,4.2,42.8
Indian,36,5.81,Clear,Medium,Lunch,4.2,50.3
Japanese,17,4.86,Fog,Medium,Afternoon,3.8,34.7
Italian,16,6.04,Clear,Medium,Late,4.0,29.5
Japanese,11,13.29,Clear,Medium,Dinner,4.9,40.2
Indian,15,18.0,Rain,High,Dinner,4.3,90.4
Italian,20,17.74,Clear,Medium,Lunch,3.3,64.3
American,37,8.31,Clear,Medium,Lunch,3.4,60.3
Chinese,32,2.87,Fog,Low,Dinner,3.4,37.0
Vietnamese,29,5.54,Clear,Medium,Dinner,4.3,46.5
Indian,26,15.85,Clear,High,Lunch,4.2,80.2
Japanese,9,12.67,Clear,High,Afternoon,4.9,52.5
Chinese,21,1.36,Clear,High,Dinner,3.9,29.8
Vietnamese,11,15.36,Clear,Low,Late,3.6,42.9
Continental,18,3.87,Clear,High,Afternoon,4.6,31.3
Italian,33,8.51,Snow,Medium,Lunch,4.9,62.4
Continental,22,19.92,Clear,High,Lunch,4.5,90.9
Continental,39,1.89,Rain,Medium,Morning,4.1,48.0
Continental,34,14.71,Clear,Medium,Afternoon,4.2,70.4
Continental,16,9.88,Clear,Medium,Dinner,3.4,45.1
Thai,34,14.45,Rain,Low,Dinner,4.2,68.6
Greek,8,17.0,Clear,Low,Late,4.7,39.5
Greek,35,1.37,Clear,Low,Lunch,4.9,40.0
Continental,33,3.49,Clear,Jam,Afternoon,3.1,55.4
Mexican,8,14.65,Snow,Medium,Lunch,3.7,63.1
Chinese,17,3.84,Clear,High,Dinner,3.3,29.2
Mexican,8,8.05,Clear,High,Late,3.1,35.1
Chinese,21,17.95,Clear,High,Dinner,3.6,79.1
Italian,33,4.42,Clear,Medium,Late,4.2,38.0
Greek,14,1.34,Clear,High,Afternoon,3.4,21.1
Thai,22,8.67,Clear,Low,Late,3.7,43.6
Indian,38,16.82,Clear,Low,Dinner,4.9,64.3
Chinese,32,5.72,Fog,Medium,Lunch,3.8,49.3
Continental,35,10.83,Clear,Low,Afternoon,3.5,61.1
Greek,39,17.87,Clear,High,Dinner,3.8,98.6
Indian,26,4.05,Clear,Low,Lunch,4.6,34.0
American,39,1.7,Clear,Low,Dinner,5.0,44.0
American,32,2.35,Clear,Medium,Afternoon,3.4,37.9
Indian,20,5.92,Clear,Medium,Lunch,4.2,32.7
American,17,19.81,Rain,Low,Afternoon,3.2,63.8
Chinese,28,16.24,Fog,Medium,Dinner,4.5,79.5
Continental,16,2.11,Rain,Medium,Lunch,3.2,25.6
Greek,27,11.5,Clear,Low,Lunch,3.2,48.7
American,16,18.64,Clear,Low,Dinner,3.6,44.7
Vietnamese,19,16.34,Snow,High,Late,4.4,102.4
Italian,35,7.78,Clear,Low,Lunch,4.5,48.2
Continental,32,17.95,Snow,Medium,Afternoon,4.3,97.3
Indian,31,19.82,Clear,High,Afternoon,4.5,102.5
Indian,33,7.8,Snow,Low,Morning,3.4,58.2
Vietnamese,39,18.12,Rain,Low,Afternoon,3.4,78.4
Italian,33,11.12,Rain,High,Dinner,4.3,77.9
Italian,23,17.99,Clear,Low,Morning,4.8,55.6
Chinese,27,19.39,Clear,High,Lunch,3.7,89.3
Greek,35,10.25,Clear,Jam,Lunch,3.6,84.6
Indian,39,12.39,Clear,High,Lunch,4.8,80.8
Indian,8,12.22,Snow,Jam,Lunch,3.5,101.2
Greek,22,18.46,Clear,High,Dinner,4.1,82.7
Greek,37,18.16,Clear,Low,Afternoon,3.2,74.5
Indian,17,11.33,Clear,High,Lunch,3.5,53.6
Greek,25,17.2,Clear,High,Lunch,3.9,86.1
Continental,32,10.8,Clear,Low,Afternoon,4.7,53.6
Italian,40,9.08,Clear,High,Lunch,4.2,64.9
Mexican,33,5.37,Rain,Medium,Lunch,3.4,48.0
Japanese,32,16.27,Clear,Medium,Lunch,4.2,70.6
American,18,3.28,Rain,High,Dinner,3.1,30.5
Indian,38,8.71,Fog,Medium,Lunch,3.5,72.2
Greek,34,10.35,Rain,High,Dinner,4.7,74.9
Japanese,9,17.13,Fog,Medium,Lunch,4.9,68.5
Vietnamese,14,14.56,Clear,Jam,Afternoon,3.7,80.0
Italian,22,15.21,Snow,Jam,Lunch,4.6,122.9
Indian,32,19.24,Clear,High,Dinner,3.0,103.6
Indian,39,18.27,Clear,High,Dinner,3.1,98.1
Greek,16,6.74,Clear,High,Late,3.3,42.1
Mexican,21,6.43,Fog,Jam,Dinner,3.7,59.5
Chinese,23,3.91,Snow,Jam,Lunch,4.0,50.9
American,18,15.86,Rain,Low,Dinner,4.0,50.5
Japanese,17,4.05,Clear,Low,Afternoon,3.3,22.0
Indian,17,12.14,Clear,Low,Dinner,4.8,46.7
Indian,17,4.19,Clear,High,Morning,4.4,32.1
Thai,30,5.12,Clear,Low,Lunch,3.5,42.4
Continental,25,8.77,Rain,Low,Lunch,3.4,44.2
American,24,12.31,Clear,Jam,Lunch,3.5,83.0
Indian,32,2.78,Clear,Low,Late,4.6,37.0
Greek,37,1.77,Clear,High,Morning,3.7,42.0
Thai,18,17.8,Clear,High,Lunch,4.2,77.9
Continental,38,10.7,Rain,Low,Dinner,4.2,66.3
Japanese,16,3.25,Clear,Low,Late,4.3,21.2
Chinese,33,8.1,Clear,Medium,Dinner,5.0,55.8
Mexican,15,9.84,Rain,Low,Lunch,3.9,36.2
Japanese,8,1.69,Clear,Medium,Late,3.7,13.0
Greek,8,12.19,Clear,Low,Late,4.8,35.2
Italian,40,7.17,Rain,High,Lunch,4.3,70.8
Vietnamese,22,7.32,Clear,Jam,Morning,4.9,54.7
Italian,10,10.08,Fog,Medium,Afternoon,4.2,38.5
Mexican,33,14.29,Rain,Low,Afternoon,4.0,62.5
Italian,35,10.91,Rain,Medium,Dinner,3.1,69.9
Japanese,9,10.56,Rain,Low,Afternoon,4.7,34.1
Italian,28,15.34,Fog,Low,Lunch,3.4,67.9
Japanese,16,14.86,Clear,Low,Dinner,3.3,47.5
American,39,3.18,Clear,Medium,Dinner,4.5,47.3
Italian,16,8.17,Rain,Medium,Late,4.0,39.7
Chinese,28,1.35,Fog,Jam,Lunch,3.6,33.0
Greek,24,1.83,Clear,Medium,Lunch,3.9,29.7
Thai,34,0.61,Fog,Low,Dinner,4.1,39.0
Greek,8,16.57,Clear,Low,Dinner,3.1,39.0
Greek,16,12.19,Clear,Medium,Dinner,4.0,48.7
Japanese,27,1.12,Rain,Low,Late,4.4,32.0
Indian,13,19.34,Fog,Medium,Lunch,3.5,74.5
Greek,25,15.52,Rain,High,Morning,4.6,83.4
Mexican,32,0.55,Rain,Low,Afternoon,4.7,37.0
Thai,12,14.08,Rain,Medium,Morning,3.8,50.0
Thai,18,3.05,Rain,Medium,Dinner,3.8,23.9
Italian,21,7.18,Clear,Medium,Lunch,4.7,36.1
Japanese,36,2.41,Rain,Medium,Dinner,3.7,42.3
American,16,2.38,Clear,Low,Lunch,4.1,21.0
American,22,18.48,Rain,Low,Dinner,3.8,69.4
Italian,23,8.57,Clear,Medium,Afternoon,3.5,47.3
American,32,18.07,Fog,High,Morning,4.1,116.7
Vietnamese,19,10.08,Clear,Medium,Dinner,3.0,42.9
Thai,26,1.41,Clear,Medium,Dinner,3.3,33.3
Greek,29,18.14,Rain,High,Dinner,4.6,96.7
Chinese,23,13.39,Rain,Medium,Dinner,3.5,63.9
American,16,2.21,Rain,High,Morning,3.0,26.6
Thai,30,1.33,Snow,Medium,Lunch,4.3,35.0
Indian,26,3.53,Clear,Jam,Afternoon,4.4,42.6
Chinese,32,17.85,Clear,Medium,Lunch,3.4,80.7
Mexican,17,15.99,Clear,Medium,Afternoon,4.1,60.0
Italian,28,13.5,Clear,Medium,Dinner,4.9,61.5
American,32,6.93,Rain,Medium,Afternoon,4.9,58.3
Greek,35,1.58,Rain,Medium,Dinner,3.9,40.0
American,12,9.1,Fog,Low,Afternoon,3.4,34.3
Japanese,11,3.12,Clear,Low,Dinner,4.4,16.0
American,24,8.35,Clear,Medium,Dinner,4.6,40.2
Thai,26,1.43,Clear,Medium,Dinner,3.7,31.0
American,19,5.8,Fog,Medium,Afternoon,4.1,40.5
Greek,27,13.77,Rain,Medium,Dinner,4.4,67.8
Vietnamese,11,5.08,Clear,Medium,Lunch,4.3,22.1
Indian,29,7.28,Clear,Low,Lunch,3.0,45.4
Vietnamese,27,7.72,Clear,High,Dinner,4.3,55.8
Thai,31,8.31,Clear,High,Lunch,4.2,53.8
Thai,22,13.94,Clear,Low,Dinner,3.2,51.6
Mexican,33,1.82,Rain,Jam,Dinner,3.1,45.8
Vietnamese,11,2.36,Clear,Jam,Dinner,3.2,24.0
Thai,13,1.56,Fog,Jam,Lunch,3.8,23.5
Continental,18,0.93,Fog,Medium,Lunch,4.1,23.9
American,22,8.81,Fog,High,Dinner,3.1,66.0
Vietnamese,20,12.5,Fog,Low,Dinner,4.2,51.3
Italian,32,10.84,Clear,Low,Dinner,4.1,50.3
Italian,14,10.68,Clear,Medium,Dinner,3.3,40.3
Vietnamese,19,3.14,Clear,Medium,Afternoon,4.9,27.2
Chinese,21,4.25,Rain,Medium,Late,4.0,30.0
Japanese,16,9.63,Clear,High,Lunch,4.5,47.4
Chinese,27,19.65,Rain,High,Afternoon,4.6,104.4
Italian,40,3.62,Clear,Medium,Late,3.6,52.9
Greek,8,3.62,Clear,Low,Lunch,3.9,13.0
Japanese,11,13.58,Rain,Low,Afternoon,3.7,44.4
Thai,28,7.04,Snow,Medium,Morning,4.4,55.1
Mexican,10,7.46,Rain,Jam,Dinner,4.6,51.1
Indian,17,11.86,Clear,Medium,Lunch,3.2,44.8
Greek,24,2.51,Clear,Medium,Afternoon,3.3,30.9
Mexican,30,7.03,Clear,Medium,Dinner,3.6,46.8
Vietnamese,31,16.91,Clear,High,Afternoon,3.8,87.6
Vietnamese,11,1.32,Clear,High,Dinner,3.2,18.3
Mexican,31,5.66,Clear,Jam,Morning,3.8,61.2
Mexican,31,13.95,Fog,Low,Lunch,4.7,62.2
Indian,13,9.74,Clear,High,Late,4.2,44.6
Vietnamese,32,1.01,Rain,Medium,Dinner,3.9,37.0
Greek,30,12.18,Rain,Low,Lunch,3.8,53.8
Chinese,19,13.55,Clear,Low,Dinner,4.6,41.8
Japanese,36,17.7,Snow,Low,Dinner,4.6,82.8
Indian,26,14.36,Clear,Medium,Afternoon,4.2,64.0
Greek,37,15.75,Clear,Medium,Morning,4.9,68.3
American,24,5.96,Rain,Medium,Late,3.2,42.0
Mexican,8,10.32,Fog,Medium,Late,4.3,34.9
Chinese,8,0.51,Rain,Low,Afternoon,4.8,13.0
Chinese,38,13.03,Snow,Jam,Morning,4.2,128.2
American,22,19.03,Clear,Jam,Morning,3.3,113.2
Mexican,14,14.74,Rain,Low,Morning,3.2,46.2
American,28,10.0,Clear,High,Afternoon,3.7,63.7
Chinese,17,17.84,Clear,Medium,Dinner,4.4,62.4
American,21,14.16,Clear,Medium,Dinner,4.6,53.6
Thai,18,18.93,Clear,Medium,Morning,3.8,62.2
Mexican,27,17.34,Clear,Medium,Afternoon,4.9,70.7
American,31,2.49,Rain,Medium,Lunch,3.5,39.6
Greek,39,1.88,Clear,Low,Afternoon,3.9,44.0
American,23,2.31,Rain,Medium,Afternoon,3.1,30.2
Japanese,12,8.65,Clear,Low,Afternoon,4.6,30.0
Chinese,38,8.47,Clear,High,Afternoon,4.7,65.8
Greek,35,19.04,Clear,High,Afternoon,3.6,99.9
Vietnamese,25,12.5,Clear,High,Lunch,5.0,60.6
Greek,25,4.03,Rain,Jam,Dinner,3.3,47.3
Mexican,27,5.94,Snow,Medium,Lunch,4.6,48.1
Greek,31,16.92,Rain,Medium,Lunch,3.7,82.4
Chinese,21,17.17,Clear,Jam,Morning,3.3,104.9
Indian,23,19.77,Clear,Low,Lunch,4.0,57.5
Indian,21,17.43,Clear,Jam,Dinner,3.5,102.8
Thai,13,1.07,Rain,Medium,Lunch,3.2,18.0
Italian,40,9.75,Snow,Low,Late,3.8,71.2
Italian,16,19.33,Clear,High,Late,4.3,78.9
Vietnamese,22,3.2,Rain,Medium,Late,4.0,32.0
Indian,13,3.02,Clear,Low,Dinner,4.2,22.3
Chinese,21,13.51,Rain,Low,Morning,3.6,54.8
Continental,8,18.01,Clear,Medium,Dinner,4.8,56.5
Continental,35,19.93,Clear,Medium,Afternoon,3.1,90.4
Japanese,17,12.26,Clear,Medium,Morning,3.3,49.7
Greek,40,12.81,Clear,Jam,Lunch,3.8,101.4
Chinese,21,11.84,Rain,Low,Lunch,4.4,45.6
Chinese,33,6.78,Rain,Low,Afternoon,4.3,53.7
Continental,10,5.08,Clear,Low,Dinner,3.1,27.1
Indian,35,18.8,Rain,Low,Dinner,4.3,70.4
Mexican,23,17.42,Clear,High,Afternoon,3.4,86.8
American,18,18.0,Fog,Low,Dinner,4.1,62.3
Mexican,32,8.71,Clear,Low,Lunch,3.0,47.7
Chinese,17,12.6,Clear,Medium,Morning,4.3,50.7
Indian,31,14.24,Clear,Jam,Lunch,3.6,108.0
Thai,30,12.71,Rain,Low,Lunch,3.9,63.2
Indian,29,9.22,Clear,High,Afternoon,4.5,57.1
Mexican,31,14.26,Clear,Medium,Afternoon,3.3,66.6
Mexican,33,10.64,Clear,Low,Afternoon,3.4,51.5
Indian,17,9.75,Clear,Medium,Morning,3.2,45.3
Indian,13,12.02,Clear,High,Afternoon,4.0,54.9
Indian,33,2.3,Clear,Low,Dinner,4.4,38.0
Italian,40,11.51,Clear,Medium,Lunch,4.7,70.2
Indian,13,6.61,Rain,Medium,Lunch,3.4,35.3
Vietnamese,18,13.04,Rain,High,Lunch,4.0,74.8
American,21,18.34,Rain,Medium,Afternoon,3.5,79.2
Mexican,15,8.36,Clear,Medium,Dinner,4.6,40.1
Vietnamese,20,18.41,Rain,Medium,Morning,4.6,76.0
Indian,13,6.84,Clear,Medium,Lunch,3.7,32.8
Greek,40,19.41,Snow,Medium,Late,4.0,110.2
Chinese,23,3.04,Rain,Low,Dinner,3.2,33.1
Mexican,34,5.25,Rain,Low,Lunch,3.1,42.8
Indian,9,12.06,Clear,Jam,Late,3.2,65.9
Italian,40,6.42,Clear,Low,Dinner,4.0,47.3
Japanese,9,10.43,Fog,Medium,Dinner,3.2,39.7
Italian,32,11.34,Clear,Low,Lunch,4.8,55.0
Continental,19,7.23,Rain,Jam,Morning,3.9,67.6
Chinese,23,0.6,Clear,Low,Afternoon,4.2,32.6
Vietnamese,25,18.16,Rain,Medium,Dinner,4.9,73.6
Italian,33,10.47,Fog,Medium,Dinner,3.2,66.2
Japanese,15,3.99,Snow,High,Dinner,4.7,31.9
Indian,13,16.38,Clear,Jam,Afternoon,3.1,93.4
Thai,15,14.23,Clear,Low,Dinner,4.6,45.7
Indian,39,6.43,Clear,Medium,Dinner,4.4,54.9
Japanese,16,16.14,Clear,Medium,Dinner,3.5,51.6
American,10,4.6,Fog,Low,Lunch,4.5,22.4
Mexican,29,0.99,Fog,High,Lunch,3.0,37.3
Indian,35,2.51,Clear,Jam,Dinner,3.7,44.8
Continental,34,4.85,Clear,Jam,Lunch,5.0,57.2
Greek,38,16.06,Snow,Low,Lunch,4.3,81.4
Indian,33,16.11,Clear,High,Dinner,3.2,89.4
American,28,9.07,Clear,Jam,Morning,4.9,68.5
Chinese,16,10.17,Clear,Low,Morning,3.5,39.2
Mexican,23,10.83,Clear,Low,Lunch,3.3,44.6
Indian,36,6.99,Fog,High,Afternoon,4.0,65.8
Italian,13,5.46,Clear,High,Morning,3.8,33.6
Thai,27,0.87,Fog,Medium,Dinner,5.0,32.5
Mexican,31,7.97,Clear,Low,Afternoon,4.8,43.5
Indian,23,15.88,Clear,Jam,Morning,3.4,103.0
Greek,32,7.28,Rain,Medium,Dinner,3.5,56.4
Vietnamese,25,8.31,Fog,Medium,Lunch,3.2,48.2
Vietnamese,22,2.02,Clear,Low,Dinner,4.2,27.0
Japanese,15,4.26,Clear,Low,Lunch,3.0,21.9
Vietnamese,11,8.28,Clear,High,Dinner,3.8,37.5
Thai,27,0.96,Rain,Medium,Lunch,3.4,39.1
Greek,8,18.18,Rain,High,Dinner,5.0,76.7
Continental,30,15.0,Rain,Medium,Lunch,4.3,70.2
Continental,34,9.5,Rain,Low,Morning,3.8,63.9
Indian,27,5.0,Snow,Low,Lunch,5.0,41.1
Indian,13,5.54,Clear,Low,Late,3.4,27.0
Indian,29,5.26,Clear,Medium,Late,4.0,42.4
Chinese,8,2.38,Fog,Medium,Late,3.9,16.8
Chinese,25,1.5,Rain,Medium,Dinner,3.9,30.0
Thai,37,12.04,Clear,High,Late,4.1,72.4
Italian,13,5.91,Clear,Low,Afternoon,4.1,21.2
Italian,27,0.6,Snow,Jam,Dinner,3.3,32.0
Japanese,35,10.08,Clear,Low,Dinner,3.6,49.9
Thai,13,17.66,Snow,Medium,Dinner,3.2,71.0
Continental,35,3.57,Rain,Jam,Morning,3.6,54.7
Thai,22,16.18,Clear,High,Lunch,3.5,81.1
Thai,22,2.4,Fog,Medium,Lunch,3.7,28.8
Mexican,8,7.53,Clear,Low,Morning,3.1,25.4
Greek,30,17.33,Clear,High,Dinner,3.7,95.7
Italian,27,15.03,Rain,Jam,Dinner,3.6,116.9
Chinese,21,7.37,Clear,Low,Lunch,4.8,30.7
Italian,15,2.45,Clear,Low,Dinner,3.6,20.0
Japanese,27,2.16,Fog,Low,Lunch,3.4,33.8
Italian,40,18.18,Snow,Medium,Morning,3.6,106.1
Chinese,28,5.37,Rain,High,Late,4.4,44.6
Greek,34,12.15,Snow,Medium,Lunch,4.5,75.3
Thai,15,3.13,Fog,Jam,Lunch,4.5,30.9
Mexican,14,14.19,Clear,High,Morning,3.6,63.3
Continental,34,9.07,Snow,Low,Lunch,3.5,58.3
Greek,24,17.01,Rain,Low,Afternoon,4.4,64.4
Chinese,32,17.91,Clear,Medium,Late,4.7,71.6
Vietnamese,11,15.92,Rain,Jam,Afternoon,3.9,98.9
Greek,16,6.46,Clear,Low,Lunch,3.3,26.5
Vietnamese,29,6.42,Rain,Low,Late,3.7,43.3
Chinese,17,13.77,Snow,Medium,Morning,3.0,72.8
Continental,29,19.21,Clear,High,Morning,3.9,93.5
Indian,17,13.76,Snow,High,Lunch,4.0,85.6
Vietnamese,31,13.35,Clear,Low,Dinner,3.7,53.9
Greek,8,15.97,Clear,High,Afternoon,4.0,64.4
Chinese,23,14.98,Snow,High,Lunch,4.6,98.1
Mexican,36,6.4,Clear,Low,Dinner,4.8,46.3
American,28,8.79,Fog,High,Late,4.2,62.3
Mexican,29,16.06,Clear,Low,Late,3.9,62.2
Indian,34,0.69,Clear,Medium,Dinner,3.8,39.7
Chinese,23,10.08,Clear,Jam,Morning,4.1,67.0
Thai,35,18.95,Rain,Medium,Late,3.4,92.9
Vietnamese,27,13.1,Rain,Low,Morning,3.1,55.0
Mexican,15,12.68,Fog,Low,Lunch,4.9,40.8
Mexican,11,17.85,Rain,Low,Lunch,3.2,51.3
Chinese,23,13.08,Rain,Low,Afternoon,4.0,52.0
Vietnamese,33,9.6,Clear,Medium,Dinner,4.2,56.9
Continental,34,15.02,Clear,Medium,Afternoon,3.5,69.7
Vietnamese,11,12.71,Clear,High,Dinner,4.8,57.1
Mexican,40,3.83,Clear,Medium,Dinner,3.1,53.3
Mexican,27,11.18,Clear,Jam,Dinner,3.5,80.0
Mexican,34,13.01,Clear,Jam,Dinner,4.3,94.4
American,22,19.91,Clear,Jam,Dinner,4.0,117.1
Continental,18,4.51,Rain,Medium,Morning,3.9,34.3
Indian,36,15.31,Clear,Jam,Lunch,4.6,106.1
Indian,39,6.15,Fog,Jam,Lunch,4.2,76.0
Chinese,21,13.56,Clear,Medium,Afternoon,4.0,53.7
Indian,13,1.58,Snow,Low,Afternoon,4.2,19.2
Mexican,21,2.61,Rain,Low,Dinner,3.6,26.9
Continental,33,19.83,Snow,High,Late,4.6,129.6
Greek,22,17.78,Clear,High,Dinner,4.3,82.4
Italian,33,3.95,Clear,High,Dinner,4.5,44.7
American,14,2.27,Clear,Medium,Dinner,3.4,20.4
Chinese,8,19.47,Clear,Medium,Lunch,3.6,57.7
American,37,19.22,Clear,Medium,Lunch,3.9,81.0
Mexican,30,17.36,Rain,High,Morning,4.6,100.9
Japanese,27,12.56,Clear,Jam,Dinner,4.8,83.4
Chinese,17,10.85,Clear,Low,Lunch,4.3,34.1
Continental,10,14.8,Clear,Medium,Lunch,4.4,54.2
Vietnamese,20,17.63,Rain,Jam,Dinner,4.7,113.8
Vietnamese,9,13.15,Rain,High,Afternoon,4.9,59.1
Vietnamese,25,10.56,Fog,Medium,Lunch,3.6,51.7
Greek,39,10.16,Rain,Medium,Dinner,4.4,67.4
Thai,15,18.66,Clear,High,Dinner,4.6,77.2
Italian,22,3.78,Clear,Jam,Lunch,3.2,37.5
Indian,37,14.56,Rain,High,Dinner,4.1,103.4
Chinese,32,5.2,Snow,High,Morning,3.1,60.8
American,24,2.86,Snow,Medium,Dinner,4.1,38.2
Indian,23,16.48,Clear,Low,Afternoon,4.5,52.1
Continental,25,15.72,Clear,Low,Dinner,4.6,53.3
Vietnamese,14,13.91,Clear,High,Morning,3.7,57.8
Vietnamese,25,13.99,Rain,Medium,Late,4.4,71.4
Greek,38,6.95,Clear,Medium,Late,4.7,49.7
American,38,16.61,Snow,High,Dinner,3.5,125.6
Japanese,36,11.89,Fog,Low,Lunch,4.1,62.2
Chinese,27,3.57,Rain,Medium,Afternoon,4.7,36.3
Indian,39,16.81,Clear,Medium,Dinner,4.8,75.3
Indian,11,19.94,Clear,Jam,Dinner,3.9,104.5
Continental,8,6.34,Clear,Medium,Dinner,3.8,24.5
Mexican,29,9.83,Clear,Low,Dinner,4.1,47.0
American,37,0.75,Fog,High,Lunch,3.4,42.0
Indian,33,5.52,Clear,Medium,Dinner,3.9,49.1
Continental,38,13.87,Clear,Medium,Dinner,4.0,77.0
American,22,15.16,Snow,Medium,Lunch,3.8,80.8
Italian,20,0.7,Clear,Medium,Late,4.5,25.0
Chinese,33,15.12,Clear,High,Lunch,3.1,88.2
Indian,31,7.84,Clear,Jam,Late,4.8,65.7
Greek,22,11.9,Clear,Low,Morning,4.0,42.1
Thai,27,10.75,Clear,Medium,Lunch,4.2,59.1
Indian,21,14.35,Clear,Low,Lunch,3.1,51.1
Thai,8,7.69,Clear,High,Dinner,4.4,32.1
Japanese,35,12.21,Clear,Low,Dinner,3.6,54.4
American,9,8.24,Rain,High,Late,3.1,43.1
Mexican,26,19.64,Rain,Jam,Dinner,4.8,129.8
American,22,1.74,Clear,Jam,Lunch,4.1,31.5
Thai,8,14.2,Clear,Medium,Lunch,4.7,40.5
Japanese,15,1.32,Rain,Low,Lunch,4.4,20.0
Thai,34,14.39,Clear,Low,Afternoon,3.9,61.8
American,19,1.49,Snow,Low,Dinner,3.5,24.0
Continental,8,1.29,Rain,Medium,Afternoon,3.7,13.0
Greek,8,16.7,Clear,Medium,Lunch,4.1,44.1
Chinese,19,16.62,Clear,High,Lunch,4.0,77.8
Indian,39,16.66,Snow,Medium,Dinner,4.8,97.9
Chinese,25,6.83,Clear,Medium,Dinner,4.8,39.3
Mexican,16,6.85,Clear,Medium,Lunch,3.3,36.8
Italian,33,16.48,Clear,Medium,Afternoon,4.6,72.0
Japanese,40,9.54,Clear,Low,Dinner,3.4,62.7
Chinese,30,17.79,Fog,High,Dinner,3.7,114.2
Indian,23,18.97,Clear,Medium,Lunch,4.5,64.8
Indian,27,17.59,Snow,Medium,Morning,3.6,94.9
Chinese,28,18.99,Rain,Low,Late,4.2,70.0
Chinese,28,18.9,Rain,Low,Lunch,3.6,68.6
Greek,25,1.8,Clear,High,Morning,3.1,33.2
Continental,8,13.97,Clear,High,Lunch,4.1,57.6
Indian,23,3.54,Rain,Jam,Afternoon,4.3,45.1
Indian,37,12.55,Rain,Jam,Morning,3.2,105.7
Thai,28,6.12,Clear,Medium,Dinner,4.9,38.3
Greek,35,19.79,Clear,High,Lunch,3.4,106.6
Greek,40,3.83,Clear,High,Lunch,4.6,52.5
Indian,34,14.84,Clear,High,Lunch,4.6,86.1
Italian,32,11.16,Rain,Low,Dinner,4.7,58.0
Vietnamese,30,11.11,Snow,Medium,Lunch,3.5,71.2
Greek,40,1.3,Snow,Jam,Late,4.7,48.9
Greek,25,10.38,Clear,Low,Lunch,3.7,44.7
Indian,31,13.24,Clear,Medium,Dinner,3.5,62.0
Japanese,35,16.36,Rain,High,Dinner,3.5,104.3
Thai,34,13.01,Rain,Low,Afternoon,4.9,60.4
Thai,26,13.69,Clear,Low,Late,4.5,50.4
Mexican,27,14.67,Clear,Medium,Morning,4.8,59.4
Vietnamese,11,10.78,Fog,High,Late,4.3,60.4
Indian,39,18.66,Clear,Low,Lunch,4.1,72.1
Indian,39,17.41,Clear,Low,Late,3.5,73.4
Japanese,30,2.84,Clear,Low,Dinner,3.3,35.0
Japanese,21,11.47,Rain,High,Lunch,4.9,64.4
American,28,19.3,Clear,Medium,Dinner,3.3,76.4
Chinese,33,10.33,Clear,High,Morning,3.6,65.7
American,23,17.97,Fog,High,Dinner,5.0,102.0
Greek,33,4.48,Clear,Low,Lunch,4.8,43.5
Italian,21,1.34,Clear,Medium,Dinner,4.4,26.0
Italian,35,15.55,Rain,High,Afternoon,3.4,99.6
Italian,40,10.58,Clear,Low,Morning,4.5,58.7
Indian,32,7.83,Clear,High,Afternoon,3.4,61.5
Indian,33,5.68,Clear,Medium,Late,5.0,49.9
Chinese,27,12.43,Clear,Low,Lunch,4.8,49.4
Thai,28,19.25,Clear,Low,Morning,3.3,64.0
Vietnamese,11,6.11,Clear,Medium,Dinner,3.9,26.7
Thai,8,3.81,Clear,Low,Dinner,3.8,16.3
American,38,13.19,Rain,Jam,Lunch,3.3,113.0
Continental,34,5.98,Snow,Low,Dinner,3.2,59.0
Indian,38,16.73,Fog,Jam,Lunch,3.6,143.3
Japanese,32,7.2,Rain,High,Lunch,3.1,61.3
Italian,33,19.43,Clear,Medium,Afternoon,3.5,85.8
Vietnamese,33,19.02,Snow,Medium,Lunch,4.7,100.2
Japanese,8,9.87,Fog,Low,Afternoon,4.1,30.5
Mexican,32,1.82,Rain,High,Lunch,4.3,37.9
Thai,26,16.71,Rain,Medium,Afternoon,3.5,77.3
Vietnamese,19,11.95,Fog,Low,Dinner,4.7,44.5
Greek,38,3.07,Clear,Medium,Afternoon,4.1,47.9
Mexican,17,12.45,Fog,Medium,Dinner,3.5,58.5
Greek,35,1.02,Clear,Medium,Lunch,3.5,40.0
Thai,23,10.95,Snow,Medium,Afternoon,3.7,63.4
Italian,14,19.8,Clear,Medium,Afternoon,5.0,55.3
Indian,26,12.11,Snow,Medium,Morning,3.7,73.1
Greek,31,16.65,Clear,Medium,Lunch,3.7,70.9
Japanese,22,8.02,Fog,Medium,Lunch,4.8,47.0
Greek,33,19.05,Clear,Medium,Late,4.6,82.1
Vietnamese,9,14.15,Fog,Medium,Dinner,4.0,47.9
Chinese,8,5.51,Fog,Low,Dinner,4.0,22.8
Japanese,16,9.64,Clear,High,Dinner,4.3,51.3
Greek,40,17.53,Clear,Jam,Dinner,3.3,124.8
Continental,32,18.96,Clear,Medium,Morning,3.9,79.5
Italian,16,1.71,Rain,Jam,Lunch,4.6,23.7
Mexican,23,6.87,Snow,Medium,Lunch,3.1,50.8
Continental,13,4.65,Snow,High,Afternoon,3.6,32.2
Vietnamese,14,2.21,Rain,Low,Lunch,4.2,20.3
Indian,32,8.66,Clear,High,Lunch,3.1,67.6
Chinese,10,2.78,Clear,Medium,Lunch,4.4,18.3
Thai,40,19.74,Clear,High,Lunch,3.5,105.7
Thai,18,8.54,Fog,Medium,Morning,3.8,43.4
Indian,37,1.7,Rain,High,Dinner,5.0,42.0
Continental,10,2.19,Clear,Jam,Afternoon,3.1,24.6
American,24,1.12,Clear,Jam,Lunch,4.0,34.1
American,18,5.1,Snow,Low,Late,4.4,34.9
Mexican,8,2.79,Clear,Medium,Dinner,4.3,14.5
Italian,13,13.2,Clear,Medium,Dinner,3.4,48.3
Indian,23,19.98,Clear,Medium,Afternoon,4.1,71.0
Italian,40,2.96,Rain,Jam,Dinner,3.1,55.8
Japanese,9,10.77,Clear,Low,Dinner,4.9,26.6
Indian,37,9.3,Clear,Low,Afternoon,4.2,52.7
Chinese,10,12.93,Clear,High,Lunch,4.7,50.8
Vietnamese,18,2.4,Clear,Medium,Dinner,4.2,23.0
American,28,0.73,Snow,Jam,Lunch,4.0,33.0
Greek,8,19.56,Rain,Low,Dinner,4.6,48.6
Chinese,19,7.49,Clear,Jam,Late,4.3,52.1
Indian,15,12.71,Fog,Low,Dinner,3.5,48.6
Indian,11,9.55,Snow,High,Dinner,3.6,60.6
American,22,10.85,Rain,Jam,Dinner,3.1,89.6
Thai,11,10.19,Snow,Medium,Lunch,3.5,48.7
Italian,23,19.68,Rain,Low,Lunch,3.4,70.8
Indian,37,8.29,Clear,Low,Dinner,3.5,52.8
Vietnamese,29,17.46,Snow,High,Afternoon,4.8,108.7
American,9,11.57,Clear,Medium,Afternoon,3.9,36.8
Italian,21,17.42,Fog,High,Afternoon,4.0,95.1
Chinese,32,11.29,Rain,High,Lunch,4.4,82.3
Chinese,32,19.9,Rain,High,Lunch,4.3,114.0
Mexican,36,18.13,Clear,Jam,Dinner,3.7,124.8
Vietnamese,27,12.67,Clear,Medium,Late,3.2,59.8
American,18,18.29,Snow,Medium,Dinner,3.6,85.0
Continental,22,0.62,Clear,Low,Dinner,4.6,27.0
Indian,39,18.61,Clear,High,Late,3.7,101.2
Italian,8,10.75,Rain,Jam,Afternoon,4.3,65.8
Vietnamese,23,8.21,Clear,Medium,Lunch,3.5,39.6
American,31,17.01,Rain,Low,Dinner,4.6,68.1
Greek,14,8.18,Clear,Medium,Lunch,4.5,34.8
Vietnamese,29,17.63,Fog,Medium,Afternoon,4.9,80.8
Indian,33,19.93,Clear,Medium,Afternoon,3.0,83.8
Greek,10,2.91,Clear,Medium,Lunch,3.0,19.8
American,22,12.84,Rain,High,Afternoon,4.2,74.7
Italian,21,11.54,Snow,Medium,Lunch,4.1,61.6
Greek,37,3.17,Snow,Low,Lunch,3.5,44.6
Greek,37,2.01,Rain,Low,Dinner,3.9,42.0
Mexican,36,14.23,Clear,Low,Morning,3.2,61.1
Mexican,15,15.19,Snow,Medium,Afternoon,3.6,73.0
Greek,40,14.89,Clear,Medium,Dinner,3.1,79.7
Japanese,22,18.01,Fog,High,Afternoon,5.0,93.0
Chinese,32,11.65,Rain,Low,Afternoon,4.2,56.7
Vietnamese,23,11.83,Clear,Medium,Afternoon,3.4,51.9
Japanese,17,6.59,Clear,Medium,Late,3.6,34.4
American,24,9.6,Rain,Jam,Dinner,3.3,82.7
Indian,19,1.31,Clear,High,Afternoon,4.3,26.4
Vietnamese,23,19.01,Rain,Medium,Late,3.3,80.2
Greek,25,9.4,Clear,Medium,Dinner,3.6,46.9
Japanese,35,19.57,Clear,Low,Afternoon,4.9,72.6
Indian,39,18.82,Clear,High,Afternoon,3.7,109.5
Indian,29,16.79,Snow,High,Dinner,3.4,116.4
Mexican,29,5.78,Clear,Medium,Dinner,3.4,45.7
Thai,31,18.28,Rain,Medium,Dinner,3.9,90.8
Japanese,8,4.97,Fog,Medium,Late,4.4,20.8
Italian,32,0.93,Clear,Low,Dinner,4.6,37.0
Indian,13,4.19,Clear,Jam,Dinner,4.3,32.9
Greek,25,15.35,Clear,Low,Dinner,4.4,51.1
American,21,16.44,Snow,Medium,Dinner,4.8,76.9
American,24,6.41,Clear,Medium,Lunch,5.0,40.4
Thai,31,17.17,Fog,Low,Afternoon,4.5,72.8
Indian,23,3.62,Fog,Low,Dinner,4.6,28.1
Continental,35,5.69,Snow,Medium,Lunch,3.9,50.5
Indian,36,11.15,Clear,Medium,Dinner,4.3,62.8
Thai,18,16.18,Snow,High,Morning,4.7,97.2
Japanese,8,5.3,Rain,Medium,Lunch,3.8,24.6
Thai,23,17.59,Clear,Low,Lunch,3.9,59.2
Italian,14,19.98,Rain,Medium,Late,3.5,73.3
Thai,34,2.11,Rain,Low,Afternoon,3.7,41.7
Japanese,17,4.5,Clear,Medium,Lunch,3.6,28.8
American,9,14.07,Clear,Medium,Afternoon,3.5,42.8
Mexican,11,7.49,Clear,Medium,Dinner,4.1,33.4
Chinese,23,12.21,Clear,Medium,Lunch,4.6,51.5
Greek,40,2.83,Fog,High,Lunch,3.2,49.2
Greek,39,12.39,Clear,Medium,Lunch,4.9,71.1
Japanese,9,4.51,Rain,Low,Afternoon,3.0,14.1
Indian,19,1.88,Snow,Medium,Lunch,4.3,32.6
Chinese,23,18.48,Clear,Medium,Lunch,4.3,71.7
Indian,36,16.6,Rain,Medium,Afternoon,4.2,84.9
Continental,34,3.92,Clear,Low,Dinner,4.6,39.9
Italian,14,0.91,Clear,Low,Dinner,4.3,19.0
Greek,35,5.1,Rain,Medium,Lunch,4.7,51.6
Greek,22,0.71,Snow,Low,Lunch,4.2,27.0
Italian,35,18.41,Clear,High,Dinner,3.7,95.3
Indian,32,14.6,Clear,Low,Late,3.9,59.9
Indian,11,3.71,Rain,Jam,Dinner,3.4,30.5
Japanese,21,10.08,Rain,Medium,Lunch,3.6,50.7
Chinese,28,15.51,Clear,Medium,Morning,4.3,66.2
Thai,22,11.74,Fog,Low,Dinner,3.0,49.3
Italian,32,11.64,Clear,Medium,Dinner,3.4,65.7
Mexican,29,7.41,Clear,Medium,Morning,4.0,48.9
Mexican,14,18.25,Clear,High,Morning,4.4,76.7
Thai,22,12.66,Clear,Medium,Afternoon,4.8,53.7
Italian,14,17.5,Clear,High,Late,3.9,80.5
Continental,30,9.43,Clear,Medium,Late,3.8,54.0
Chinese,16,3.68,Clear,Low,Late,3.1,30.3
American,12,0.69,Clear,Low,Late,4.7,17.0
Vietnamese,27,2.01,Clear,High,Dinner,4.6,32.0
Vietnamese,30,2.51,Rain,Low,Lunch,4.1,35.0
Mexican,32,11.38,Rain,Medium,Late,3.8,68.8
Chinese,20,0.85,Clear,Low,Morning,3.6,25.0
Mexican,8,11.03,Rain,High,Dinner,3.1,57.9
Vietnamese,39,6.6,Clear,Jam,Afternoon,4.4,78.0
Indian,35,7.73,Clear,Low,Dinner,3.1,49.2
Thai,28,5.87,Clear,Low,Afternoon,4.8,36.4
American,28,3.83,Rain,High,Lunch,3.1,46.4
American,16,15.11,Clear,Low,Dinner,4.0,44.1
Indian,13,15.16,Clear,High,Dinner,4.0,63.1
Vietnamese,11,13.72,Fog,High,Lunch,3.6,77.1
Chinese,33,5.91,Rain,Medium,Lunch,3.8,50.7
Mexican,29,1.47,Clear,Medium,Afternoon,3.7,34.0
Chinese,30,15.12,Clear,Jam,Lunch,3.7,102.5
Italian,21,6.96,Rain,Low,Dinner,3.3,38.8
Greek,14,17.7,Fog,High,Dinner,4.4,88.5
Continental,17,9.81,Clear,Low,Late,4.3,38.3
American,21,1.74,Rain,High,Lunch,3.7,29.9
Vietnamese,31,1.11,Clear,Low,Morning,4.4,40.0
Japanese,15,16.66,Clear,Medium,Morning,4.9,52.9
Greek,25,10.87,Clear,High,Lunch,3.3,65.5
Continental,30,9.58,Clear,Jam,Afternoon,4.0,79.9
Mexican,22,5.5,Clear,Medium,Late,4.7,41.0
Indian,13,10.19,Clear,Low,Afternoon,3.0,32.3
Italian,33,17.49,Clear,Medium,Lunch,3.8,70.3
Thai,38,1.54,Rain,Low,Afternoon,4.9,45.2
Continental,34,9.25,Clear,Medium,Morning,4.0,51.9
American,34,0.91,Rain,Jam,Late,4.9,39.0
Indian,37,11.7,Rain,Medium,Lunch,3.0,75.9
Continental,25,18.58,Rain,Medium,Dinner,4.5,78.2
Italian,14,11.0,Fog,Medium,Afternoon,4.4,46.5
Chinese,28,15.76,Clear,Medium,Afternoon,3.3,68.4
Vietnamese,14,9.04,Clear,High,Lunch,3.3,43.5
Indian,27,4.69,Rain,Medium,Dinner,3.1,46.5
American,9,13.72,Clear,Low,Lunch,4.4,34.2
Vietnamese,19,9.55,Rain,Low,Lunch,3.1,45.3
American,9,14.62,Clear,High,Late,4.0,58.1
Mexican,27,9.53,Snow,Low,Dinner,3.1,56.2
Thai,22,14.82,Clear,Medium,Late,4.6,57.1
Greek,14,17.31,Clear,Low,Dinner,3.2,52.5
Thai,26,2.47,Clear,High,Lunch,4.2,33.2
Indian,39,13.67,Rain,Jam,Lunch,3.3,118.6
Indian,15,11.09,Clear,Low,Dinner,3.8,37.2
Mexican,15,18.49,Rain,Medium,Lunch,4.4,68.8
Continental,22,19.76,Clear,Medium,Lunch,3.4,66.5
Thai,34,15.52,Clear,Low,Dinner,4.4,63.1
Continental,17,13.34,Clear,Medium,Dinner,4.1,54.0
Italian,13,15.96,Fog,Low,Afternoon,3.8,51.3
Thai,34,18.62,Clear,Low,Afternoon,3.3,72.0
Thai,35,17.93,Clear,Medium,Morning,4.8,75.4
Vietnamese,22,15.2,Fog,Jam,Dinner,3.5,117.9
American,17,12.93,Clear,Medium,Lunch,3.1,49.4
Japanese,8,5.75,Clear,High,Afternoon,4.3,27.8
American,11,16.9,Clear,Medium,Dinner,4.3,46.2
Vietnamese,33,14.31,Snow,Low,Morning,4.9,64.8
American,37,7.85,Clear,Medium,Morning,3.8,54.7
Japanese,9,9.99,Clear,Medium,Afternoon,3.1,34.8
Mexican,30,10.69,Clear,Medium,Lunch,3.7,60.1
Japanese,8,11.74,Fog,Low,Lunch,3.7,34.1
Vietnamese,9,4.65,Fog,Low,Morning,3.1,21.0
Italian,28,14.62,Clear,Medium,Afternoon,3.4,65.4
Indian,19,0.82,Rain,Medium,Dinner,4.0,24.0
American,40,18.11,Clear,Medium,Morning,4.8,84.4
Greek,22,19.04,Rain,Medium,Dinner,3.2,76.6
Vietnamese,30,3.69,Clear,High,Morning,3.3,41.4
Mexican,16,4.78,Rain,Medium,Dinner,3.8,27.9
Continental,10,5.17,Clear,Medium,Lunch,4.2,22.1
Chinese,18,19.84,Clear,Low,Morning,4.7,56.1
Mexican,30,7.59,Clear,Jam,Late,4.7,66.6
Indian,39,14.54,Clear,Medium,Late,3.3,77.4
Indian,26,8.93,Clear,Low,Dinner,4.3,42.5
Japanese,22,15.28,Snow,Low,Lunch,3.6,70.9
Mexican,32,9.85,Clear,High,Lunch,4.6,65.3
Greek,32,15.42,Clear,Low,Morning,3.8,65.2
Indian,37,5.31,Rain,High,Morning,3.4,55.8
American,39,12.85,Clear,High,Lunch,4.6,79.7
American,12,12.64,Fog,Medium,Lunch,3.1,52.3
Japanese,40,5.02,Rain,Medium,Dinner,4.2,54.3
Indian,13,0.51,Clear,High,Late,3.8,18.0
Vietnamese,25,12.73,Rain,Jam,Dinner,4.8,92.7
Mexican,26,5.87,Snow,High,Dinner,3.6,59.2
Thai,30,7.24,Rain,Low,Dinner,4.0,39.8
Thai,35,3.17,Clear,Low,Afternoon,4.2,40.0
Continental,24,3.87,Clear,Medium,Morning,3.1,42.2
Greek,25,4.37,Rain,Low,Dinner,3.3,30.0
American,17,8.56,Rain,High,Late,3.0,56.3
Indian,36,16.77,Clear,Medium,Late,3.2,80.9
Thai,28,9.76,Clear,Medium,Lunch,3.8,51.8
Italian,13,2.11,Fog,High,Dinner,4.2,27.0
Japanese,16,10.75,Clear,Medium,Dinner,3.2,42.4
Japanese,8,5.31,Rain,Low,Lunch,4.5,19.3
Japanese,13,1.31,Clear,Medium,Lunch,3.9,18.0
Japanese,8,14.37,Fog,High,Afternoon,4.1,76.2
Continental,32,4.06,Snow,Low,Lunch,3.2,43.2
Italian,27,4.82,Clear,Low,Lunch,3.6,34.8
American,18,3.55,Clear,Medium,Lunch,4.5,28.0
Indian,32,16.41,Clear,Low,Lunch,4.1,63.4
Chinese,24,7.8,Clear,Low,Lunch,4.5,34.2
Continental,8,11.05,Clear,Medium,Morning,3.7,37.3
Thai,32,1.03,Snow,High,Dinner,3.8,38.4
Japanese,22,12.97,Clear,Low,Dinner,4.3,49.6
Chinese,24,12.6,Clear,Low,Dinner,4.3,45.9
Continental,14,3.36,Clear,Low,Lunch,5.0,21.4
American,11,11.91,Clear,Jam,Afternoon,4.1,66.5
Greek,8,12.61,Fog,Low,Lunch,4.3,34.2
Mexican,32,5.1,Clear,High,Lunch,3.3,50.5
Chinese,25,8.76,Clear,Jam,Dinner,4.2,63.6
Continental,18,11.46,Clear,High,Morning,3.8,58.9
Indian,33,18.33,Rain,High,Lunch,3.3,114.3
Thai,28,14.73,Clear,Medium,Late,3.8,66.0
Greek,35,9.76,Snow,Medium,Afternoon,4.9,70.3
Italian,16,4.97,Clear,High,Dinner,3.8,35.7
Thai,22,0.66,Clear,Medium,Afternoon,3.6,27.0
Mexican,15,0.87,Fog,Medium,Lunch,3.5,20.2
Mexican,22,19.12,Rain,High,Lunch,4.3,100.8
Mexican,27,5.45,Clear,Low,Dinner,3.3,43.8
Chinese,20,1.16,Clear,Low,Lunch,4.3,25.0
American,11,12.17,Rain,Low,Lunch,3.9,39.7
Indian,38,4.46,Rain,High,Late,4.2,56.9
Thai,22,6.15,Fog,High,Morning,3.8,50.6
Continental,8,11.57,Clear,Medium,Lunch,3.1,37.5
Vietnamese,32,12.24,Clear,Low,Late,4.9,54.0
Mexican,15,1.96,Snow,Medium,Late,4.9,20.0
Mexican,40,19.56,Clear,Jam,Dinner,4.7,124.6
Thai,27,6.34,Clear,Low,Lunch,4.7,43.0
Chinese,23,16.43,Clear,High,Dinner,5.0,75.8
Greek,35,11.76,Clear,Low,Dinner,4.3,59.1
Continental,18,12.34,Clear,Medium,Dinner,3.9,50.6
Continental,35,2.03,Fog,Low,Lunch,3.5,44.2
Vietnamese,23,12.98,Clear,Medium,Dinner,4.7,47.3
Vietnamese,20,8.76,Clear,Low,Morning,4.5,34.6
American,38,3.69,Clear,Medium,Lunch,3.2,47.4
Italian,14,19.21,Clear,Low,Afternoon,4.1,51.9
Thai,12,11.02,Clear,Medium,Afternoon,4.8,43.7
American,23,3.95,Rain,Low,Dinner,4.0,28.1
Indian,32,9.39,Clear,Low,Dinner,3.8,50.8
Mexican,33,7.88,Clear,Low,Lunch,3.2,48.2
Italian,28,10.48,Clear,Medium,Afternoon,3.8,53.8
Italian,40,11.16,Rain,High,Dinner,3.6,93.8
Greek,35,0.57,Snow,Low,Morning,4.0,40.7
Chinese,25,14.5,Rain,High,Lunch,5.0,82.4
Indian,15,12.94,Clear,High,Dinner,4.9,55.7
Vietnamese,20,17.69,Clear,Medium,Lunch,4.0,64.0
Thai,32,19.11,Fog,Low,Lunch,4.5,78.6
Continental,35,13.57,Fog,High,Afternoon,3.1,97.8
Vietnamese,11,4.13,Clear,High,Lunch,3.9,24.1
Indian,13,19.67,Clear,Low,Lunch,3.5,47.5
Thai,8,4.62,Clear,Low,Afternoon,3.8,20.1
Italian,33,9.06,Clear,Low,Dinner,3.7,49.6
Chinese,21,6.38,Rain,High,Lunch,3.0,49.4
Indian,36,12.75,Snow,High,Morning,3.9,106.1
Chinese,19,3.7,Clear,Jam,Late,3.6,31.0
American,16,14.12,Fog,Medium,Lunch,3.8,63.5
Chinese,24,15.26,Clear,Low,Lunch,3.5,59.2
Chinese,17,5.41,Clear,High,Lunch,3.3,34.0
Indian,26,5.39,Clear,Medium,Afternoon,4.0,37.7
Indian,21,5.22,Rain,Low,Afternoon,3.7,29.1
Vietnamese,11,9.83,Clear,High,Morning,3.4,42.7
Chinese,8,11.31,Clear,High,Dinner,3.7,45.2
Chinese,33,18.56,Rain,High,Lunch,3.2,110.9
Indian,17,15.63,Clear,Jam,Dinner,4.4,94.5
Italian,26,17.44,Clear,Medium,Dinner,4.0,66.3
Continental,18,8.99,Rain,Medium,Lunch,3.9,45.7
Thai,13,2.37,Rain,Medium,Lunch,3.6,19.6
Indian,36,4.26,Clear,Jam,Lunch,3.4,59.2
Greek,37,13.84,Clear,Low,Morning,3.6,63.5
Greek,35,10.31,Clear,Jam,Afternoon,3.0,85.8
Indian,29,3.72,Clear,Low,Lunch,4.6,34.0
Chinese,10,10.29,Rain,Medium,Late,3.6,41.4
Indian,32,6.64,Fog,Medium,Lunch,4.3,50.3
Thai,18,2.02,Clear,Medium,Dinner,3.4,23.0
Mexican,31,4.25,Rain,Medium,Dinner,3.4,45.6
Japanese,22,2.84,Clear,Medium,Lunch,3.8,32.2
Indian,33,17.84,Clear,Low,Dinner,4.3,67.6
Continental,30,19.81,Clear,Medium,Lunch,3.3,77.7
Italian,27,12.18,Rain,Medium,Lunch,3.4,64.7
Mexican,23,7.0,Clear,Low,Late,3.4,44.4
Japanese,27,4.38,Clear,Medium,Lunch,3.0,32.8
Indian,29,4.31,Rain,Low,Afternoon,4.7,34.6
Indian,8,12.43,Rain,High,Lunch,4.9,59.0
American,37,13.03,Snow,Low,Afternoon,4.5,76.6
Vietnamese,25,14.23,Clear,High,Lunch,3.7,72.5
Greek,16,16.23,Clear,Medium,Dinner,3.2,60.2
Mexican,10,17.26,Clear,Medium,Lunch,4.8,53.9
Japanese,22,7.78,Clear,Jam,Lunch,3.2,63.1
Indian,39,3.76,Clear,Medium,Lunch,3.2,52.5
Mexican,23,15.52,Rain,High,Lunch,4.1,86.8
Japanese,40,15.34,Fog,High,Afternoon,3.2,114.5
Continental,8,19.11,Rain,Medium,Dinner,4.6,67.0
Thai,22,5.79,Clear,Medium,Late,3.4,37.0
Continental,35,7.73,Snow,High,Dinner,3.8,77.2
Vietnamese,30,12.14,Clear,Medium,Late,5.0,63.2
Chinese,23,13.87,Clear,Low,Afternoon,4.5,51.2
Mexican,29,8.68,Clear,Low,Lunch,5.0,47.1
Thai,22,19.85,Clear,High,Dinner,4.1,86.8
Continental,32,16.79,Clear,High,Lunch,4.3,86.6
Vietnamese,23,6.22,Clear,Medium,Afternoon,3.1,39.2
Continental,27,6.01,Fog,Medium,Morning,3.4,46.1
American,19,19.35,Clear,Low,Late,4.6,48.5
Greek,35,2.51,Snow,Medium,Afternoon,3.8,40.0
Indian,33,3.27,Rain,High,Afternoon,4.2,44.8
Japanese,9,14.5,Rain,High,Dinner,3.6,69.2
Indian,27,12.41,Clear,Low,Late,4.8,50.4
Thai,28,12.65,Clear,Medium,Lunch,3.1,55.0
Japanese,12,8.54,Snow,High,Dinner,3.5,56.3
Continental,29,6.54,Rain,Medium,Lunch,3.7,45.5
Greek,8,1.07,Fog,High,Morning,3.3,13.0
Indian,27,17.51,Clear,Low,Lunch,4.8,53.7
Thai,34,19.49,Clear,Medium,Dinner,3.3,81.6
American,17,14.44,Clear,High,Dinner,4.4,70.4
Thai,18,13.81,Snow,High,Dinner,3.3,95.4
Mexican,29,16.01,Clear,Jam,Lunch,3.3,108.5
Greek,22,14.18,Clear,Medium,Dinner,4.9,58.0
Indian,21,0.62,Clear,Low,Afternoon,3.8,26.0
Greek,28,9.48,Snow,Low,Late,4.9,58.1
Chinese,22,9.22,Clear,Medium,Lunch,4.3,44.0
Continental,33,17.02,Fog,Low,Dinner,4.0,67.8
Thai,18,2.48,Clear,Jam,Afternoon,4.0,32.2
Indian,39,12.38,Clear,Medium,Afternoon,4.5,68.7
Chinese,18,4.7,Clear,Medium,Afternoon,3.8,26.7
Thai,22,11.88,Clear,Medium,Dinner,3.8,53.9
Indian,38,19.63,Clear,High,Lunch,3.8,106.1
Continental,17,10.42,Clear,Medium,Dinner,4.5,39.6
American,17,12.81,Snow,Medium,Afternoon,3.9,61.8
Chinese,8,3.82,Snow,Medium,Lunch,4.4,22.5
Mexican,33,10.7,Clear,High,Late,4.7,66.9
Japanese,35,8.38,Clear,High,Late,3.1,69.5
Mexican,31,0.64,Clear,Medium,Dinner,4.8,36.0
Vietnamese,20,12.25,Fog,Low,Dinner,3.2,50.3
Vietnamese,33,17.26,Clear,Medium,Dinner,4.6,70.6
Chinese,23,3.78,Rain,Low,Lunch,4.5,32.5
Indian,32,1.23,Clear,Medium,Lunch,3.7,39.9
Thai,11,18.74,Snow,Medium,Dinner,4.0,79.4
Greek,22,3.86,Clear,High,Afternoon,4.9,38.4
Italian,13,5.99,Rain,Low,Lunch,4.4,25.6
Indian,30,15.7,Rain,Low,Dinner,4.3,66.0
Indian,32,18.12,Rain,Jam,Afternoon,3.7,140.2
Mexican,11,5.36,Clear,Medium,Lunch,4.9,24.4
Continental,17,19.86,Clear,Medium,Afternoon,4.7,68.6
Italian,33,9.84,Rain,High,Afternoon,3.3,78.5
Vietnamese,31,7.88,Rain,Low,Afternoon,3.2,53.6
Greek,25,1.8,Clear,Low,Afternoon,3.7,30.0
Continental,35,13.28,Fog,High,Lunch,3.4,97.0
Continental,19,18.4,Clear,Low,Late,3.8,55.9
American,26,17.84,Clear,Medium,Dinner,4.7,70.8
Japanese,40,4.48,Fog,High,Lunch,4.0,61.4
Italian,10,10.4,Clear,Low,Morning,3.4,32.5
Indian,36,5.87,Clear,High,Dinner,4.2,51.5
Thai,28,5.94,Clear,Medium,Late,3.1,40.8
Chinese,18,12.11,Snow,High,Afternoon,3.3,86.6
American,19,17.35,Clear,High,Dinner,3.5,79.9
Chinese,23,17.63,Clear,Low,Morning,4.4,51.5
Greek,24,4.22,Rain,High,Dinner,4.1,37.1
Indian,11,4.97,Clear,High,Afternoon,4.0,19.2
Thai,28,10.93,Snow,Low,Dinner,4.2,60.5
Mexican,31,5.56,Clear,High,Late,3.3,50.2
Mexican,8,1.31,Rain,Medium,Lunch,4.8,16.4
Italian,23,6.93,Clear,Low,Afternoon,5.0,37.0
Mexican,11,17.12,Clear,Low,Late,3.5,42.9
American,22,18.33,Rain,Low,Afternoon,5.0,64.0
Vietnamese,22,4.57,Rain,Low,Dinner,3.4,37.2
Thai,15,7.0,Fog,Low,Dinner,3.7,28.5
Chinese,28,7.64,Rain,High,Dinner,3.8,64.6
Chinese,17,15.43,Clear,High,Afternoon,4.9,62.8
Mexican,15,0.57,Clear,High,Dinner,4.8,23.6
American,18,4.69,Rain,Jam,Late,3.4,46.0
Chinese,25,4.3,Clear,Low,Afternoon,3.0,31.2
Thai,26,11.06,Clear,Low,Late,4.0,48.8
Japanese,36,8.17,Clear,Medium,Morning,4.3,53.0
Italian,40,1.92,Rain,Medium,Lunch,4.7,45.0
Thai,32,4.35,Rain,Medium,Late,4.9,40.9
American,28,9.62,Rain,Low,Lunch,3.7,50.9
Italian,20,13.12,Fog,Medium,Afternoon,3.5,60.3
Indian,26,17.03,Clear,Low,Lunch,4.2,59.0
Chinese,23,6.86,Snow,Low,Lunch,4.5,36.3
Vietnamese,27,0.69,Clear,High,Dinner,4.5,32.0
Chinese,32,13.12,Clear,High,Late,4.6,72.8
Japanese,22,9.26,Clear,Medium,Afternoon,4.1,44.7
Japanese,21,2.03,Clear,High,Dinner,4.5,26.7
American,16,13.35,Clear,Medium,Lunch,3.9,46.7
Continental,14,10.94,Clear,High,Dinner,4.3,50.2
Japanese,9,2.62,Clear,Medium,Dinner,4.6,14.9
Japanese,9,19.73,Clear,Medium,Afternoon,4.0,56.1
Mexican,31,9.49,Fog,Jam,Dinner,4.1,91.0
Italian,20,11.03,Clear,Low,Dinner,4.1,38.3
Mexican,32,18.1,Clear,Low,Lunch,4.1,70.5
Thai,31,9.28,Clear,Low,Morning,4.2,46.1
Chinese,23,4.59,Clear,Low,Dinner,3.9,29.0
Indian,33,13.46,Clear,Low,Dinner,4.3,58.3
Chinese,24,18.8,Clear,High,Dinner,4.9,89.2
Chinese,32,8.95,Rain,Jam,Afternoon,4.5,83.9
Chinese,21,13.73,Snow,Medium,Afternoon,3.4,76.0
Continental,8,0.93,Clear,Low,Lunch,3.5,13.0
Thai,18,19.05,Clear,Jam,Morning,4.9,108.8
Greek,22,7.67,Rain,Low,Dinner,3.4,41.8
Thai,30,18.11,Fog,Jam,Dinner,3.6,145.2
Indian,23,1.93,Fog,Low,Afternoon,3.5,28.0
Continental,29,3.43,Clear,Medium,Dinner,3.8,34.0
Mexican,14,12.06,Rain,Medium,Dinner,3.9,59.1
Japanese,27,6.4,Clear,Low,Lunch,3.2,35.4
Indian,33,13.93,Rain,Medium,Dinner,3.3,79.0
Thai,13,5.47,Clear,Medium,Lunch,3.5,30.9
Continental,38,8.88,Clear,Medium,Late,4.9,58.9
Thai,32,17.89,Clear,Medium,Dinner,3.8,77.6
Indian,33,8.07,Clear,Medium,Dinner,3.8,51.2
Vietnamese,11,2.8,Clear,Low,Dinner,4.6,16.0
Thai,15,19.67,Clear,High,Dinner,4.6,83.4
Continental,27,0.68,Clear,Jam,Dinner,4.2,32.0
Thai,12,1.52,Fog,Medium,Morning,4.8,17.0
Mexican,23,5.57,Snow,Medium,Lunch,4.7,44.0
American,34,4.79,Fog,Low,Dinner,3.2,49.3
Indian,21,4.87,Clear,Medium,Lunch,3.7,36.3
Japanese,35,13.3,Fog,Low,Lunch,3.5,62.5
Vietnamese,14,19.2,Clear,Low,Lunch,4.2,51.6
Chinese,8,16.07,Rain,Low,Lunch,3.1,47.3
Indian,13,4.21,Clear,Low,Morning,4.4,19.4
Indian,20,3.76,Rain,Jam,Morning,3.3,42.7
Vietnamese,22,13.32,Clear,High,Lunch,3.9,72.3
Indian,13,5.26,Rain,Medium,Lunch,3.4,26.4
Indian,36,18.04,Rain,Low,Afternoon,4.5,79.7
American,39,3.36,Rain,Medium,Lunch,3.5,54.0
Continental,24,19.28,Rain,Low,Afternoon,3.4,70.7
Vietnamese,23,17.11,Clear,Low,Lunch,4.5,49.4
Continental,38,1.33,Clear,Low,Dinner,3.9,43.0
Chinese,22,8.46,Snow,Low,Lunch,4.9,46.5
Continental,30,17.87,Rain,Medium,Morning,3.3,85.0
Indian,21,9.02,Fog,Medium,Lunch,3.4,47.5
Indian,23,16.62,Clear,Medium,Lunch,4.8,61.6
Thai,34,6.73,Rain,High,Afternoon,4.3,56.5
Indian,23,3.78,Rain,High,Lunch,4.1,34.4
Japanese,21,1.47,Clear,Low,Dinner,4.7,29.7
American,21,5.56,Clear,Jam,Dinner,4.4,45.4
Mexican,33,1.57,Clear,High,Dinner,3.4,38.0
Greek,8,12.29,Fog,Medium,Afternoon,4.1,47.9
Chinese,32,14.27,Clear,Medium,Dinner,4.5,73.2
Italian,22,12.57,Clear,Low,Lunch,4.7,42.2
Greek,16,4.13,Clear,Low,Lunch,3.4,26.0
Continental,24,11.5,Clear,Medium,Lunch,4.7,51.6
Mexican,33,2.75,Clear,High,Afternoon,3.2,44.1
Thai,32,19.13,Fog,Jam,Dinner,3.9,149.2
Continental,19,14.92,Rain,Jam,Dinner,4.8,103.6
Chinese,23,7.65,Clear,Medium,Afternoon,4.0,44.2
American,24,8.71,Fog,Low,Dinner,3.3,42.9
American,19,5.3,Clear,Medium,Late,3.3,30.7
American,21,9.64,Snow,Medium,Lunch,3.4,62.5
Chinese,38,16.34,Clear,Medium,Afternoon,3.5,80.2
Vietnamese,29,3.52,Fog,Low,Lunch,4.2,41.2
Japanese,35,5.54,Rain,High,Lunch,3.9,59.9
American,34,11.15,Rain,Medium,Afternoon,3.0,69.6
Chinese,10,4.01,Clear,Medium,Lunch,3.9,25.2
Greek,28,19.62,Rain,High,Afternoon,3.9,110.6
American,40,11.89,Fog,Medium,Lunch,3.4,80.2
Indian,36,10.3,Rain,Medium,Dinner,3.3,65.7
Indian,29,3.9,Fog,Low,Dinner,4.0,44.5
Continental,8,5.23,Snow,Low,Dinner,4.2,19.4
Indian,37,5.69,Snow,High,Afternoon,3.2,65.5
Vietnamese,11,4.2,Fog,Low,Dinner,3.7,23.1
Japanese,22,13.46,Clear,Low,Morning,4.0,46.4
Italian,13,11.44,Snow,Medium,Late,4.0,51.1
Vietnamese,14,14.86,Fog,Medium,Afternoon,4.7,56.7
American,18,10.01,Clear,Low,Late,4.3,42.2
American,19,17.23,Clear,Jam,Late,3.7,99.5
Vietnamese,27,11.76,Clear,High,Afternoon,3.2,71.2
Indian,39,7.34,Rain,Medium,Afternoon,3.4,64.4
Indian,23,19.97,Rain,Medium,Lunch,4.2,79.3
Mexican,36,9.25,Rain,High,Late,4.7,74.5
Japanese,36,7.09,Clear,Medium,Lunch,3.4,50.2
Italian,10,9.3,Rain,Low,Morning,3.6,32.9
American,18,7.28,Clear,Low,Afternoon,3.4,28.3
Indian,29,11.2,Clear,High,Lunch,3.5,72.2
Mexican,29,13.03,Clear,Low,Lunch,3.1,53.1
Indian,38,10.61,Snow,High,Dinner,4.5,94.6
Greek,37,11.37,Clear,Medium,Morning,4.6,69.3
Continental,8,13.53,Clear,Low,Afternoon,4.0,35.8
Mexican,23,15.56,Clear,High,Dinner,4.7,78.5
American,11,2.65,Clear,Low,Lunch,3.8,16.0
Vietnamese,23,8.55,Clear,Low,Late,4.1,38.2
Italian,16,7.21,Clear,Medium,Dinner,3.9,28.0
Thai,34,8.41,Clear,Medium,Morning,4.0,58.0
Italian,31,14.16,Clear,Medium,Morning,3.5,63.3
Greek,31,7.53,Rain,High,Afternoon,4.9,58.2
Continental,10,13.19,Clear,Low,Dinner,3.3,39.0
Japanese,9,7.34,Clear,Low,Morning,4.3,28.9
Thai,26,16.47,Rain,Medium,Afternoon,4.5,71.9
Continental,13,7.07,Rain,Medium,Morning,3.3,33.4
Chinese,23,3.5,Clear,High,Lunch,4.1,36.8
Vietnamese,20,2.71,Clear,Medium,Dinner,4.3,29.5
Greek,25,19.2,Rain,Low,Dinner,3.2,71.0
American,40,16.13,Rain,Medium,Late,4.0,88.1
Continental,30,15.65,Clear,Medium,Lunch,3.7,67.0
Greek,40,3.14,Clear,Medium,Afternoon,4.8,49.7
Greek,16,4.84,Clear,Medium,Lunch,3.2,25.3
Thai,37,3.26,Snow,Medium,Late,4.0,50.9
Mexican,31,17.07,Rain,Low,Lunch,4.1,71.9
Chinese,8,16.48,Clear,Medium,Afternoon,3.2,50.0
Greek,35,14.74,Clear,Low,Lunch,4.5,61.5
Continental,8,19.73,Clear,Low,Late,3.5,43.4
Chinese,8,9.56,Rain,High,Late,4.6,48.7
Chinese,22,2.74,Clear,Low,Dinner,4.8,31.4
Vietnamese,14,7.66,Clear,Low,Dinner,4.4,23.0
Japanese,13,19.65,Clear,High,Dinner,4.6,79.1
Continental,34,18.18,Clear,Low,Lunch,3.6,71.6
Indian,38,2.09,Rain,Jam,Lunch,3.1,49.5
Thai,26,17.46,Fog,Medium,Morning,3.6,87.7
Vietnamese,11,14.99,Fog,Medium,Afternoon,3.1,61.2
Mexican,22,7.78,Clear,Medium,Afternoon,3.7,36.6
American,10,13.85,Clear,Medium,Afternoon,3.1,47.1
Thai,30,11.98,Clear,Low,Lunch,4.9,51.1
Chinese,30,7.3,Clear,Medium,Afternoon,3.3,50.8
Thai,13,1.08,Snow,Low,Morning,3.8,18.0
Continental,22,14.94,Fog,High,Lunch,3.7,91.0
Greek,39,15.82,Rain,Medium,Lunch,3.5,86.5
Thai,35,17.64,Clear,Low,Dinner,3.8,66.0
Indian,23,14.33,Clear,Medium,Afternoon,3.6,59.3
Indian,11,15.33,Clear,Medium,Afternoon,4.1,50.7
Thai,30,18.96,Clear,Medium,Lunch,4.2,78.8
Thai,18,11.2,Clear,High,Lunch,4.3,55.3
Indian,21,15.24,Rain,High,Morning,4.4,81.1
Mexican,27,11.1,Fog,Low,Dinner,3.4,53.0
American,37,0.56,Clear,Medium,Afternoon,3.4,42.3
Vietnamese,11,6.09,Clear,High,Lunch,4.1,33.6
American,21,14.86,Clear,Medium,Dinner,4.1,64.9
American,26,1.7,Fog,Medium,Dinner,4.8,31.0
Chinese,18,5.19,Fog,Low,Lunch,3.3,34.4
Italian,35,1.58,Clear,High,Dinner,3.9,40.3
Greek,14,8.79,Fog,Low,Dinner,3.9,35.0
Thai,40,19.79,Rain,Medium,Afternoon,4.1,103.9
Indian,33,18.22,Clear,Medium,Lunch,3.8,76.6
Thai,34,2.94,Fog,Jam,Late,4.7,53.2
Indian,34,16.88,Rain,Medium,Lunch,3.2,84.1
Indian,13,10.2,Clear,Medium,Morning,3.9,41.8
Mexican,27,12.7,Rain,Medium,Dinner,4.6,71.3
Greek,35,17.01,Fog,Low,Morning,4.6,78.4
Indian,36,18.03,Clear,High,Late,4.9,98.2
Indian,35,3.61,Rain,Low,Dinner,4.0,49.3
Vietnamese,11,1.67,Clear,Jam,Dinner,3.9,24.1
Continental,27,14.29,Clear,Low,Lunch,5.0,50.0
Thai,26,9.93,Clear,Low,Lunch,3.8,42.6
Japanese,22,11.48,Snow,Jam,Dinner,4.9,101.4
American,16,8.02,Clear,Medium,Dinner,3.1,36.8
Indian,13,19.98,Fog,Medium,Lunch,3.3,85.9
Vietnamese,20,3.52,Clear,Medium,Lunch,4.7,26.7
American,28,6.34,Clear,High,Lunch,3.9,53.2
Thai,26,5.75,Clear,Medium,Late,4.3,38.6
Indian,13,7.42,Rain,Medium,Lunch,3.2,37.9
Thai,11,18.35,Clear,Medium,Lunch,4.1,57.7
Indian,39,14.78,Fog,Medium,Dinner,4.7,84.0
Mexican,23,13.85,Clear,Jam,Morning,3.0,95.9
American,31,3.57,Clear,High,Dinner,3.3,43.6
Indian,21,5.2,Rain,Low,Afternoon,4.4,35.3
Italian,8,5.22,Rain,Medium,Lunch,5.0,22.3
Thai,11,19.49,Rain,Low,Morning,3.9,53.3
Vietnamese,27,6.75,Clear,Medium,Late,3.3,40.5
Chinese,32,10.8,Clear,Medium,Afternoon,4.5,52.8
American,38,9.15,Snow,Low,Dinner,4.2,67.0
American,14,7.09,Snow,Low,Late,4.1,32.5
Indian,23,3.41,Clear,Low,Late,4.6,31.2
Mexican,21,13.57,Clear,Medium,Morning,3.4,59.5
Mexican,17,9.71,Clear,High,Dinner,4.7,54.9
Mexican,40,12.74,Clear,Medium,Lunch,3.6,72.5
Chinese,25,1.26,Rain,Low,Lunch,4.3,30.0
Indian,21,19.22,Clear,Medium,Lunch,4.6,63.1
Thai,22,6.6,Clear,Low,Dinner,4.9,31.2
Thai,32,10.81,Clear,Medium,Dinner,4.8,61.2
Indian,13,8.5,Clear,High,Dinner,4.3,37.7
Thai,23,19.63,Clear,Medium,Lunch,4.7,68.8
Indian,37,5.0,Fog,Medium,Lunch,3.7,55.8
Italian,20,17.27,Clear,Jam,Dinner,5.0,97.0
Italian,31,2.85,Clear,Low,Lunch,3.8,36.0
Thai,40,16.17,Clear,Medium,Lunch,3.7,80.5
Continental,34,16.95,Fog,Jam,Afternoon,4.9,130.7
Chinese,23,7.02,Rain,Jam,Lunch,3.4,63.5
Italian,20,9.78,Clear,High,Lunch,3.1,54.5
Italian,27,18.54,Clear,Low,Morning,4.1,56.6
Indian,35,15.21,Rain,Low,Lunch,4.1,70.7
Continental,25,14.32,Clear,Medium,Dinner,3.7,58.2
Chinese,10,15.3,Clear,Medium,Late,3.4,50.6
Indian,15,15.34,Clear,Medium,Late,4.5,51.6
Thai,27,4.95,Rain,Medium,Lunch,3.9,43.0
American,39,10.24,Rain,Jam,Dinner,3.7,102.8
Italian,33,8.67,Clear,Medium,Lunch,4.3,54.7
Indian,39,13.45,Clear,Jam,Lunch,4.4,106.5
Mexican,34,1.92,Clear,Low,Afternoon,4.7,42.8
Greek,33,13.9,Clear,High,Dinner,4.2,81.6
Vietnamese,39,1.27,Clear,Medium,Morning,4.0,44.0
Italian,22,7.17,Rain,Jam,Morning,4.7,66.1
Mexican,36,5.16,Rain,Medium,Dinner,3.2,50.7
Chinese,16,4.29,Snow,High,Afternoon,3.7,41.2
Italian,33,6.63,Clear,Medium,Afternoon,3.4,43.5
Greek,24,11.08,Clear,High,Dinner,3.1,66.7
Continental,14,8.5,Clear,Jam,Dinner,3.5,53.5
Chinese,22,19.06,Clear,Low,Lunch,4.7,53.3
Thai,26,15.32,Fog,Medium,Dinner,4.9,70.8
Italian,13,15.92,Clear,Jam,Dinner,3.8,87.5
American,17,11.51,Clear,Low,Dinner,4.8,33.9
Continental,34,18.52,Fog,Low,Afternoon,4.5,80.7
Chinese,24,18.94,Clear,High,Dinner,3.2,90.8
Indian,39,10.29,Clear,Jam,Dinner,3.2,92.6
Mexican,33,16.73,Rain,Low,Afternoon,3.6,69.1
Continental,29,3.18,Clear,Medium,Morning,4.0,34.0
American,26,7.34,Clear,High,Morning,4.3,47.9
Japanese,22,5.83,Rain,Medium,Dinner,4.3,35.1
Continental,33,9.19,Snow,Jam,Lunch,4.5,96.5
Mexican,8,11.31,Snow,Low,Lunch,5.0,37.4
Japanese,12,13.43,Clear,Low,Late,4.5,40.8
Mexican,32,10.97,Clear,High,Lunch,4.8,63.1
American,21,19.79,Snow,Medium,Lunch,3.0,98.4
Thai,34,10.5,Clear,Medium,Lunch,4.1,62.5
Japanese,15,6.58,Fog,Low,Lunch,3.8,33.0
Vietnamese,11,8.26,Snow,Medium,Morning,4.5,38.5
Indian,39,5.41,Clear,Medium,Afternoon,4.3,48.0
Greek,10,10.52,Rain,Medium,Dinner,3.2,42.2
Greek,22,17.65,Clear,Low,Dinner,4.8,51.9
Continental,38,17.53,Clear,Low,Morning,3.1,73.8
Chinese,33,13.22,Clear,Low,Dinner,3.2,58.5
Greek,39,4.54,Snow,Medium,Dinner,4.0,53.3
American,28,13.62,Clear,Low,Afternoon,4.4,48.6
American,26,15.34,Clear,Medium,Dinner,4.9,61.9
Mexican,14,9.26,Clear,Jam,Dinner,4.9,58.8
Indian,23,5.25,Clear,Medium,Lunch,3.5,32.6
Indian,11,7.8,Rain,High,Morning,3.5,42.9
Indian,29,19.16,Snow,Low,Late,4.1,83.6
Mexican,33,9.8,Clear,Low,Lunch,4.0,50.6
Continental,8,7.86,Clear,Low,Lunch,3.4,24.6
Indian,23,6.02,Clear,Medium,Dinner,3.7,37.4
Vietnamese,14,11.2,Clear,Low,Lunch,3.0,38.2
Chinese,33,10.08,Rain,Low,Dinner,4.9,55.4
American,17,8.61,Rain,Low,Lunch,4.2,39.9
Mexican,27,18.48,Clear,Low,Afternoon,3.3,66.3
Italian,26,0.66,Clear,Medium,Dinner,3.6,31.0
Thai,30,3.61,Rain,Medium,Lunch,4.3,37.9
Mexican,23,19.59,Clear,Medium,Dinner,3.4,75.3
Japanese,17,2.81,Rain,High,Late,3.6,33.5
Vietnamese,14,12.52,Rain,Medium,Lunch,3.4,54.6
Continental,8,18.66,Clear,Jam,Lunch,3.5,100.4
Greek,16,9.56,Clear,High,Afternoon,4.2,46.2
Thai,28,15.71,Clear,High,Dinner,4.3,80.7
American,28,8.84,Snow,High,Dinner,4.9,70.8
Chinese,18,5.94,Clear,Low,Afternoon,4.0,30.1
Mexican,8,13.24,Clear,High,Afternoon,3.1,57.0
Greek,35,2.35,Clear,Low,Afternoon,3.0,41.1
Italian,32,3.22,Clear,Medium,Dinner,3.5,38.7
Indian,35,14.89,Rain,Medium,Dinner,3.7,80.3
Chinese,21,7.82,Fog,Low,Lunch,4.5,40.0
Greek,25,13.02,Clear,Jam,Lunch,4.7,84.5
Indian,27,16.51,Clear,Low,Morning,3.9,55.3
American,28,8.55,Fog,High,Dinner,3.6,69.1
Greek,38,6.1,Clear,Medium,Late,4.4,50.6
Chinese,27,7.93,Clear,Low,Lunch,4.9,42.4
American,24,3.63,Fog,High,Dinner,3.7,41.8
Vietnamese,18,2.86,Clear,Medium,Late,4.8,25.4
Mexican,11,3.06,Clear,Medium,Afternoon,4.4,20.3
Italian,28,9.31,Fog,Low,Dinner,3.3,52.5
Vietnamese,14,10.89,Fog,Medium,Dinner,3.6,53.5
Vietnamese,22,12.38,Clear,Low,Afternoon,4.7,44.2
Mexican,15,15.26,Clear,Low,Dinner,3.4,42.5
Thai,30,9.28,Rain,Medium,Lunch,3.6,58.1
Italian,13,8.61,Rain,High,Late,4.4,44.3
Japanese,15,0.9,Snow,Low,Morning,3.9,20.0
Vietnamese,14,12.26,Rain,Low,Dinner,3.2,43.5
Greek,10,9.09,Snow,High,Dinner,4.8,53.6
Continental,32,10.38,Clear,High,Dinner,3.5,65.5
Greek,40,4.16,Fog,Low,Dinner,4.3,50.3
Indian,31,1.66,Rain,Medium,Late,4.8,36.8
Indian,23,5.88,Fog,Low,Lunch,4.3,35.3
Japanese,11,16.87,Fog,Medium,Lunch,3.1,66.8
Indian,32,7.55,Clear,High,Lunch,4.6,57.7
Thai,22,14.21,Snow,Medium,Dinner,3.5,76.5
Italian,13,15.44,Clear,Low,Dinner,3.2,41.2
Indian,19,6.8,Clear,Low,Lunch,3.1,28.1
Chinese,24,19.17,Clear,Low,Lunch,4.5,56.0
American,18,2.95,Snow,High,Lunch,3.0,30.3
Japanese,16,7.04,Fog,Medium,Lunch,4.9,37.2
Chinese,32,2.82,Fog,Low,Lunch,4.7,39.9
Thai,38,14.15,Fog,High,Lunch,3.9,100.0
Italian,21,17.23,Clear,Medium,Lunch,3.8,59.2
American,39,6.29,Rain,Medium,Morning,4.8,59.5
American,24,19.48,Clear,Low,Morning,3.2,67.2
Vietnamese,9,6.4,Rain,Low,Lunch,4.0,26.2
Thai,28,7.6,Clear,Low,Dinner,5.0,40.3
Greek,21,15.54,Fog,Medium,Dinner,4.7,73.2
Chinese,22,16.62,Rain,Medium,Late,3.4,72.0
American,11,1.02,Clear,Medium,Lunch,3.7,16.0
Greek,35,4.4,Fog,Medium,Dinner,4.7,51.0
Vietnamese,31,1.8,Clear,Low,Dinner,4.9,36.0
Thai,27,11.5,Fog,Medium,Dinner,3.9,63.6
Thai,35,19.23,Snow,Low,Dinner,3.0,95.0
Italian,13,5.22,Rain,Low,Lunch,4.9,22.0
Mexican,11,1.74,Clear,Medium,Dinner,3.3,16.0
Continental,10,7.26,Clear,High,Dinner,4.8,37.0
Continental,25,9.84,Rain,Medium,Dinner,4.0,50.7
Thai,31,19.55,Clear,Medium,Late,3.4,76.1
American,9,12.74,Clear,Medium,Lunch,4.6,33.2
Indian,26,17.96,Clear,Medium,Dinner,3.5,74.4
Vietnamese,14,5.02,Clear,Low,Lunch,4.5,21.0
American,37,1.61,Snow,High,Dinner,3.3,42.0
Italian,21,12.41,Rain,Medium,Lunch,3.7,62.2
Vietnamese,11,19.07,Fog,Medium,Dinner,5.0,70.2
Greek,8,5.74,Fog,Low,Dinner,4.7,22.7
American,40,16.07,Clear,Low,Dinner,4.9,72.8
Vietnamese,14,9.43,Rain,Medium,Afternoon,4.7,38.7
Italian,35,11.35,Rain,Medium,Lunch,4.6,70.4
Continental,38,1.41,Clear,Medium,Lunch,3.5,43.0
Vietnamese,14,9.68,Clear,Medium,Lunch,3.7,38.4
Indian,33,8.62,Clear,Low,Afternoon,3.3,51.2
Italian,21,18.29,Fog,Medium,Lunch,3.6,86.5
Greek,30,7.29,Clear,Medium,Lunch,4.6,42.4
Mexican,15,13.8,Clear,Medium,Lunch,3.3,53.7
Italian,13,8.57,Clear,Medium,Lunch,4.4,32.1
Chinese,20,8.99,Clear,Jam,Afternoon,3.3,66.5
American,11,8.15,Clear,High,Dinner,4.0,44.5
Mexican,23,8.09,Clear,Low,Dinner,4.3,33.7
American,14,2.94,Clear,Medium,Dinner,4.8,21.6
Chinese,25,10.52,Snow,High,Afternoon,3.8,77.8
Indian,38,19.09,Clear,Medium,Dinner,3.1,81.5
Continental,32,17.91,Rain,Medium,Late,4.2,84.1
Vietnamese,27,5.71,Clear,High,Afternoon,3.4,50.3
Chinese,28,14.28,Clear,Medium,Lunch,4.0,60.0
Thai,37,15.36,Rain,Jam,Lunch,3.3,126.0
Indian,38,8.8,Fog,High,Dinner,4.5,68.5
Continental,34,10.31,Rain,Low,Afternoon,4.4,55.5
Indian,27,4.29,Clear,Medium,Dinner,3.9,33.3
Vietnamese,11,19.36,Clear,Medium,Dinner,3.2,65.8
American,10,5.95,Clear,Medium,Dinner,3.3,25.8
Indian,15,0.57,Clear,Medium,Lunch,3.8,20.0
Mexican,27,2.02,Clear,Low,Lunch,4.4,32.0
Indian,13,15.92,Rain,Medium,Lunch,3.8,65.0
Japanese,22,1.34,Clear,High,Lunch,4.9,27.0
American,31,2.8,Clear,High,Late,4.8,39.1
Indian,19,18.86,Clear,High,Lunch,3.5,90.4
Indian,33,16.23,Clear,Medium,Dinner,3.3,75.2
Indian,27,8.2,Clear,Jam,Dinner,4.0,66.8
American,10,2.86,Clear,High,Lunch,4.6,21.9
Japanese,8,15.85,Rain,Low,Afternoon,3.9,44.0
Greek,28,3.8,Clear,Low,Dinner,3.6,39.7
Greek,8,9.94,Clear,High,Morning,3.4,42.2
Chinese,38,14.23,Clear,Medium,Dinner,3.1,74.7
Japanese,22,16.86,Clear,High,Lunch,4.6,79.9
Japanese,9,16.74,Clear,Low,Late,5.0,39.3
Japanese,12,8.62,Rain,High,Lunch,3.2,46.9
Indian,23,4.27,Snow,Medium,Lunch,3.6,40.9
Indian,35,5.55,Clear,Medium,Morning,3.2,46.2
Vietnamese,23,4.16,Clear,Low,Dinner,4.8,36.5
Mexican,34,3.88,Clear,High,Lunch,3.9,49.0
Indian,35,10.87,Clear,Low,Lunch,4.6,53.4
Greek,16,13.72,Snow,Medium,Lunch,4.0,68.0
Indian,20,3.39,Clear,Low,Afternoon,3.1,25.0
Mexican,33,7.45,Rain,Low,Lunch,3.7,48.8
Indian,33,8.15,Snow,Jam,Late,3.3,93.8
Indian,17,14.67,Clear,Medium,Afternoon,4.0,51.1
American,34,8.56,Rain,Medium,Afternoon,3.0,63.0
Italian,27,10.19,Clear,Medium,Afternoon,4.1,49.2
Vietnamese,18,13.3,Rain,Low,Morning,3.7,48.2
Japanese,15,19.01,Rain,High,Dinner,4.2,94.5
Indian,20,6.83,Clear,Medium,Lunch,3.8,40.0
Vietnamese,33,1.29,Clear,Low,Afternoon,3.7,38.0
Continental,18,14.74,Clear,High,Late,4.0,63.9
Vietnamese,11,3.4,Clear,High,Afternoon,3.1,23.2
Italian,27,14.96,Clear,Low,Morning,3.7,51.2
Mexican,30,13.14,Snow,High,Late,4.8,94.0
Greek,34,10.34,Clear,Medium,Afternoon,3.6,58.1
Japanese,16,19.85,Clear,Low,Lunch,4.0,56.0
Continental,30,8.01,Clear,Medium,Lunch,3.8,50.2
Indian,13,18.92,Clear,Jam,Lunch,3.2,107.4
Chinese,17,0.51,Fog,Low,Lunch,5.0,22.0
American,37,5.96,Rain,High,Lunch,4.6,59.6
Indian,23,19.11,Clear,Medium,Afternoon,4.0,64.2
Italian,8,4.33,Rain,Low,Lunch,3.4,17.2
Chinese,27,3.02,Rain,Jam,Dinner,4.2,40.5
Japanese,15,1.5,Clear,Low,Dinner,4.6,20.1
American,28,7.76,Clear,High,Dinner,4.1,58.0
American,24,15.82,Clear,High,Afternoon,4.7,74.7
Vietnamese,39,10.28,Clear,Medium,Afternoon,3.9,63.4
Greek,28,7.81,Fog,Medium,Dinner,4.6,56.3
Vietnamese,23,9.96,Rain,Medium,Afternoon,3.9,52.2
Mexican,28,2.32,Rain,Medium,Lunch,3.4,36.5
Vietnamese,22,13.91,Snow,Low,Morning,4.2,61.1
Indian,23,2.31,Rain,Low,Lunch,4.1,28.0
American,24,12.76,Snow,High,Lunch,4.3,87.5
Indian,26,5.73,Clear,Low,Lunch,3.7,39.0
Mexican,17,13.37,Clear,Jam,Dinner,4.4,80.5
Indian,36,7.23,Clear,Low,Dinner,3.2,50.1
Indian,23,19.18,Rain,Medium,Afternoon,3.3,80.9
Continental,34,13.64,Clear,Low,Late,3.4,60.3
Thai,26,9.77,Clear,Low,Afternoon,4.6,42.6
Continental,8,19.52,Fog,High,Afternoon,3.5,99.0
Continental,38,12.46,Rain,Medium,Dinner,4.2,74.5
American,18,3.67,Clear,High,Lunch,4.6,34.0
Continental,33,13.01,Snow,Medium,Lunch,3.3,84.3
American,11,7.13,Clear,Low,Dinner,4.0,25.3
American,34,14.83,Clear,High,Dinner,3.5,84.9
Italian,33,3.82,Clear,Medium,Lunch,3.9,40.1
American,10,10.2,Rain,High,Dinner,4.5,49.0
Thai,15,6.78,Clear,High,Afternoon,3.1,39.6
Vietnamese,22,18.8,Clear,Medium,Morning,4.5,72.8
American,39,14.8,Clear,High,Dinner,4.0,82.8
Thai,28,14.04,Clear,High,Dinner,3.1,82.3
Continental,14,5.46,Clear,Medium,Late,4.0,25.1
Italian,40,17.56,Clear,Medium,Lunch,4.6,81.1
Thai,40,11.75,Clear,High,Lunch,4.3,83.5
Vietnamese,14,12.32,Rain,High,Dinner,3.1,69.1
Chinese,32,18.55,Rain,Medium,Lunch,3.2,90.2
Chinese,32,9.52,Clear,Low,Dinner,3.7,49.4
Greek,35,6.88,Clear,High,Dinner,3.4,62.9
Greek,8,8.72,Clear,Medium,Dinner,3.2,35.2
Japanese,16,13.35,Clear,Low,Lunch,3.8,41.3
Greek,24,2.15,Fog,Medium,Afternoon,3.8,30.2
Greek,28,14.61,Clear,Jam,Afternoon,4.3,93.2
Thai,28,7.83,Clear,Low,Lunch,3.5,40.5
Japanese,22,4.56,Clear,High,Afternoon,4.1,44.2
Indian,36,19.51,Clear,High,Afternoon,3.5,106.1
Mexican,27,5.51,Clear,Low,Lunch,3.3,38.6
Mexican,31,7.18,Rain,Low,Lunch,4.1,51.1
Chinese,27,8.69,Clear,Low,Dinner,3.0,45.0
Greek,27,15.01,Clear,Jam,Dinner,4.8,91.5
Greek,28,5.9,Fog,Medium,Morning,4.0,47.4
Mexican,27,17.88,Snow,Low,Morning,4.3,77.6
Chinese,30,9.19,Clear,Low,Late,3.2,46.6
Indian,36,5.19,Clear,High,Afternoon,4.6,49.6
Thai,32,19.75,Fog,High,Lunch,4.4,119.9
American,26,9.2,Clear,Medium,Lunch,3.9,45.8
Chinese,24,17.69,Clear,Medium,Late,3.9,65.8
American,12,1.55,Clear,High,Lunch,4.1,17.0
Thai,28,9.68,Clear,Medium,Dinner,4.6,46.8
Vietnamese,11,2.97,Clear,High,Afternoon,4.3,24.3
Vietnamese,29,10.94,Snow,Medium,Morning,3.6,65.7
Chinese,23,18.54,Rain,Jam,Afternoon,4.6,122.6
Greek,24,15.53,Clear,Low,Lunch,3.7,54.0
Continental,30,14.32,Clear,Medium,Morning,3.1,66.5
Thai,11,11.3,Rain,Medium,Dinner,3.7,40.2
Thai,38,11.81,Clear,Medium,Lunch,4.5,61.6
Greek,22,12.27,Clear,High,Lunch,4.5,61.1
Greek,38,10.01,Clear,Low,Dinner,3.6,58.1
Indian,19,17.45,Clear,Low,Lunch,4.1,53.8
Mexican,28,2.44,Snow,Low,Afternoon,5.0,35.1
Vietnamese,23,9.45,Clear,Low,Dinner,3.3,43.3
Vietnamese,11,18.26,Rain,High,Lunch,4.8,81.3
Indian,21,6.26,Clear,Low,Dinner,3.2,29.8
Greek,8,17.29,Clear,High,Dinner,4.2,69.0
Japanese,15,7.58,Clear,Low,Dinner,4.1,29.6
Mexican,17,16.68,Clear,High,Afternoon,4.2,72.8
Mexican,33,6.93,Clear,Medium,Morning,3.9,54.1
Thai,28,16.4,Clear,Medium,Lunch,3.1,70.2
Indian,35,13.69,Fog,Low,Afternoon,3.2,71.6
Japanese,27,4.28,Fog,Medium,Dinner,4.3,38.2
Chinese,21,19.22,Rain,Low,Afternoon,4.3,64.2
Mexican,21,11.25,Snow,Medium,Dinner,4.8,62.0
Indian,23,3.41,Snow,Low,Afternoon,3.7,33.2
Japanese,9,14.21,Rain,Jam,Dinner,4.4,85.6
Vietnamese,14,10.01,Clear,Medium,Dinner,4.2,37.1
Thai,34,15.74,Clear,Jam,Dinner,3.9,106.7
Mexican,16,3.1,Clear,Medium,Lunch,4.2,24.2
Indian,13,11.44,Clear,High,Dinner,3.6,47.6
Italian,21,11.27,Rain,Low,Late,3.3,45.1
Mexican,8,19.88,Rain,Jam,Dinner,3.6,121.4
Mexican,32,4.2,Clear,Low,Lunch,4.8,41.2
Mexican,28,13.47,Clear,Low,Dinner,3.2,58.6
Japanese,15,3.21,Rain,Medium,Lunch,3.6,24.5
Continental,35,15.42,Clear,High,Lunch,4.1,84.9
Thai,37,15.9,Fog,Low,Morning,3.9,79.0
Mexican,32,9.11,Rain,Medium,Afternoon,3.4,61.8
Greek,37,2.02,Rain,Low,Lunch,3.9,42.0
Italian,21,4.62,Clear,Medium,Afternoon,3.6,34.9
Italian,28,0.87,Clear,Medium,Afternoon,3.8,33.0
Thai,8,14.29,Rain,Low,Dinner,4.7,40.5
Greek,35,6.81,Clear,Medium,Morning,3.3,51.5
American,37,4.31,Rain,High,Late,4.4,54.8
Continental,19,6.66,Snow,Medium,Late,3.6,46.4
Italian,33,3.08,Clear,High,Morning,4.1,43.7
Italian,14,2.9,Clear,Low,Lunch,4.3,20.4
American,11,16.23,Clear,High,Afternoon,4.8,68.0
Indian,39,1.42,Clear,Medium,Lunch,3.1,45.8
Vietnamese,14,7.81,Clear,Medium,Lunch,4.3,32.0
Mexican,10,11.22,Fog,High,Lunch,3.9,58.6
Vietnamese,18,19.04,Clear,Low,Lunch,4.4,58.0
Chinese,38,4.79,Clear,Low,Lunch,4.7,43.8
Mexican,31,19.01,Clear,High,Lunch,4.1,95.5
Italian,28,13.58,Clear,Medium,Lunch,4.1,64.7
Thai,38,12.79,Clear,Low,Dinner,4.5,56.2
American,38,6.47,Rain,Medium,Late,4.6,55.4
American,34,8.35,Clear,Low,Lunch,4.1,49.1
Continental,18,5.67,Fog,Medium,Dinner,3.9,36.1
Mexican,40,4.42,Rain,Jam,Afternoon,3.4,62.7
Continental,33,19.13,Clear,Medium,Dinner,4.5,76.1
American,24,18.7,Snow,High,Afternoon,3.0,123.2
Italian,13,2.7,Clear,High,Dinner,4.9,19.1
Vietnamese,23,13.7,Rain,Jam,Dinner,3.6,108.6
Indian,39,11.44,Fog,Medium,Dinner,3.1,75.5
Continental,24,15.67,Snow,Medium,Dinner,4.5,83.7
Indian,9,2.14,Fog,Medium,Dinner,3.3,16.4
Mexican,33,15.65,Rain,Low,Lunch,4.4,69.9
Greek,28,14.27,Clear,Medium,Lunch,4.0,66.2
Indian,33,12.45,Clear,Low,Dinner,3.8,61.7
Japanese,30,7.59,Clear,Medium,Lunch,3.9,39.4
Chinese,8,16.76,Fog,Medium,Late,3.1,62.2
Vietnamese,23,9.05,Rain,Medium,Afternoon,3.6,52.0
American,38,10.13,Clear,Medium,Lunch,4.8,61.0
Greek,37,10.2,Rain,Medium,Lunch,3.1,71.4
Chinese,17,18.7,Snow,Low,Lunch,3.4,74.6
Italian,40,16.48,Clear,Low,Dinner,3.9,71.8
Chinese,8,9.19,Clear,Medium,Dinner,3.9,30.6
Japanese,22,18.87,Rain,Low,Lunch,4.4,62.5
Chinese,27,4.18,Clear,Low,Dinner,3.2,33.2
American,14,17.62,Fog,Medium,Dinner,4.8,66.6
Japanese,15,6.48,Snow,Jam,Afternoon,3.2,63.5
Japanese,35,9.2,Rain,Low,Morning,3.2,54.4
Thai,8,20.0,Clear,High,Afternoon,4.7,70.3
Chinese,28,1.68,Rain,Low,Dinner,4.3,33.0
American,17,14.89,Rain,Low,Lunch,4.3,46.0
Thai,34,0.56,Clear,Low,Dinner,3.1,39.0
Thai,26,16.79,Clear,Medium,Dinner,3.7,62.8
Mexican,30,7.63,Clear,Low,Morning,4.5,46.7
Continental,19,5.71,Clear,Low,Late,4.5,33.4
Chinese,19,11.08,Clear,Medium,Lunch,4.2,51.6
Japanese,16,16.24,Clear,Medium,Late,3.5,58.3
Chinese,16,19.06,Rain,Medium,Afternoon,4.8,76.3
Indian,13,19.03,Clear,High,Morning,4.9,71.7
Chinese,32,3.9,Clear,Medium,Lunch,4.8,40.6
Indian,33,15.95,Fog,Low,Dinner,3.6,73.6
Japanese,40,2.44,Clear,High,Lunch,4.0,48.2
Italian,23,3.28,Snow,Low,Late,5.0,29.5
American,34,4.31,Fog,Medium,Morning,3.4,45.6
Chinese,32,19.25,Clear,High,Lunch,3.2,101.0
Japanese,15,2.66,Clear,Medium,Late,4.0,20.0
Indian,33,5.49,Snow,Medium,Late,3.2,55.7
Greek,37,10.74,Clear,High,Afternoon,3.5,69.2
Japanese,9,14.5,Fog,Medium,Lunch,3.3,62.1
Japanese,35,14.32,Clear,Low,Afternoon,5.0,56.9
Indian,20,13.07,Clear,Medium,Dinner,3.5,46.7
Indian,37,9.87,Clear,Low,Lunch,4.7,57.5
Thai,26,15.32,Clear,High,Lunch,3.7,81.3
Chinese,20,3.15,Fog,Medium,Afternoon,3.5,25.0
Japanese,11,13.71,Clear,High,Dinner,4.2,54.8
Greek,24,4.14,Clear,Low,Late,4.8,36.2
Japanese,21,19.44,Rain,Medium,Lunch,4.2,73.9
Mexican,14,10.37,Rain,Medium,Dinner,3.5,43.0
American,32,13.12,Clear,Low,Dinner,4.5,56.1
Indian,21,7.01,Fog,Medium,Late,5.0,38.4
Continental,19,18.53,Clear,Medium,Lunch,3.0,70.6
American,11,6.74,Clear,Low,Dinner,3.9,29.1
Vietnamese,30,1.64,Clear,Low,Lunch,3.3,35.0
Mexican,32,7.31,Snow,Medium,Afternoon,3.8,61.3
Japanese,30,15.83,Clear,High,Lunch,4.0,82.5
Japanese,9,16.2,Rain,Medium,Lunch,3.1,58.0
Greek,37,8.0,Rain,High,Lunch,4.7,70.4
Mexican,29,8.19,Rain,High,Afternoon,4.3,57.5
American,19,16.15,Rain,High,Morning,3.9,80.8
Indian,32,11.1,Fog,Low,Dinner,4.6,61.9
Thai,38,17.97,Fog,High,Lunch,4.1,116.5
Japanese,9,14.43,Clear,Medium,Late,4.6,41.0
American,38,3.94,Clear,Medium,Dinner,4.8,47.1
Indian,13,5.7,Snow,Medium,Lunch,3.7,34.8
Italian,23,3.34,Fog,Medium,Lunch,3.8,37.6
Thai,22,8.79,Clear,Low,Lunch,3.4,39.0
American,38,4.95,Fog,Low,Dinner,4.1,50.4
American,9,18.75,Clear,Medium,Afternoon,4.1,56.6
Japanese,16,0.65,Clear,Low,Lunch,4.5,21.0
Greek,30,11.56,Clear,Medium,Late,4.5,52.2
Continental,17,2.18,Clear,Medium,Dinner,4.6,22.0
Italian,13,1.07,Rain,Medium,Lunch,4.0,18.1
American,28,7.96,Rain,High,Dinner,4.2,59.8
Chinese,27,19.03,Snow,High,Lunch,3.9,126.8
Vietnamese,11,3.49,Clear,High,Afternoon,4.7,24.2
Chinese,30,13.76,Clear,Low,Dinner,4.5,57.4
Continental,8,11.55,Snow,Low,Afternoon,4.4,43.2
Japanese,12,18.38,Clear,Medium,Afternoon,4.3,60.0
Italian,27,1.67,Clear,Low,Dinner,4.2,32.0
Mexican,26,10.27,Clear,Medium,Dinner,3.5,52.8
Italian,14,4.76,Clear,Medium,Morning,4.8,19.7
Japanese,17,3.6,Clear,Medium,Morning,4.2,33.5
American,38,0.64,Clear,Medium,Dinner,4.2,43.0
Vietnamese,9,6.74,Rain,Medium,Dinner,4.7,27.9
Mexican,10,4.99,Clear,Medium,Late,3.2,28.6
Mexican,28,2.43,Clear,Low,Dinner,3.7,35.1
Japanese,35,6.19,Clear,Medium,Dinner,3.7,50.6
American,22,3.78,Clear,High,Dinner,4.6,34.3
Mexican,14,8.5,Fog,Medium,Dinner,3.2,48.6
Greek,28,10.59,Rain,Medium,Dinner,3.8,57.2
Italian,8,0.73,Clear,Low,Lunch,5.0,13.0
Thai,38,5.33,Snow,High,Late,4.1,65.8
American,19,19.03,Clear,Medium,Dinner,4.4,61.6
American,16,14.9,Rain,Medium,Lunch,4.6,57.6
Continental,39,9.31,Clear,Low,Late,5.0,57.7
Italian,13,4.5,Clear,Medium,Afternoon,4.4,23.1
Mexican,8,12.86,Fog,Medium,Lunch,4.0,47.3
Indian,29,16.52,Clear,Medium,Lunch,3.6,72.1
American,12,17.56,Clear,Medium,Dinner,3.1,55.6
Vietnamese,23,11.54,Clear,High,Lunch,4.8,61.5
Vietnamese,11,8.97,Clear,Medium,Dinner,4.0,35.5
Japanese,8,11.21,Clear,Low,Late,3.2,34.7
Indian,13,7.58,Clear,Low,Morning,4.6,28.5
Mexican,26,8.88,Clear,Medium,Lunch,4.8,45.5
Continental,14,6.15,Clear,Jam,Afternoon,4.5,49.1
American,22,0.53,Clear,High,Late,3.5,27.0
Mexican,23,7.07,Clear,Medium,Afternoon,3.7,38.9
Indian,13,11.75,Snow,High,Lunch,3.8,79.6
Japanese,35,11.67,Fog,High,Morning,3.2,88.5
Indian,32,15.18,Clear,Low,Dinner,3.5,65.2
Continental,30,3.0,Rain,Jam,Morning,3.4,42.9
Japanese,16,12.13,Clear,Medium,Afternoon,4.0,41.1
Indian,13,13.22,Clear,Medium,Lunch,4.4,47.0
Italian,40,4.9,Clear,Medium,Dinner,3.5,53.3
Vietnamese,25,14.32,Rain,High,Lunch,4.5,82.1
Greek,28,15.62,Clear,Low,Late,3.4,58.8
American,39,6.04,Clear,High,Afternoon,4.3,58.7
Thai,34,16.24,Fog,Medium,Dinner,3.3,85.3
Indian,13,1.74,Clear,Low,Late,4.5,18.0
Thai,22,8.66,Clear,Jam,Lunch,4.9,59.8
Thai,35,16.5,Clear,High,Dinner,5.0,94.0
Vietnamese,18,10.21,Rain,High,Lunch,5.0,56.4
Italian,13,18.56,Clear,High,Morning,4.2,77.1
Indian,35,6.07,Rain,High,Afternoon,3.8,58.2
Indian,38,14.05,Clear,Medium,Afternoon,3.4,68.7
American,17,14.33,Clear,Low,Lunch,3.3,45.3
Continental,30,11.94,Fog,Medium,Lunch,3.4,71.4
Vietnamese,18,17.48,Clear,Medium,Morning,3.1,67.9
Italian,10,11.23,Clear,Medium,Dinner,4.5,41.6
Chinese,16,13.26,Fog,Low,Lunch,4.4,49.1
Indian,23,14.88,Clear,High,Dinner,4.9,73.5
Continental,8,7.81,Rain,Low,Lunch,3.0,25.2
Thai,34,18.2,Clear,Low,Morning,3.4,72.0
Italian,40,12.65,Clear,Low,Dinner,4.0,63.0
Indian,37,14.52,Clear,Jam,Lunch,4.1,107.2
Indian,26,2.7,Clear,Medium,Dinner,4.0,32.2
Greek,8,11.3,Snow,Medium,Lunch,4.0,54.3
American,19,7.54,Clear,Medium,Morning,4.6,36.5
Indian,13,2.74,Clear,Medium,Dinner,4.0,18.7
Mexican,31,1.69,Clear,Low,Late,3.6,36.0
Mexican,27,10.15,Clear,High,Afternoon,3.7,67.9
Thai,34,2.43,Clear,Medium,Dinner,3.5,40.0
Indian,11,17.2,Snow,Medium,Afternoon,4.0,75.7
American,14,3.82,Rain,Low,Afternoon,4.6,20.4
Mexican,11,11.12,Clear,Jam,Lunch,4.8,62.8
Greek,28,2.61,Clear,Medium,Afternoon,3.8,34.3
Greek,39,1.34,Clear,Medium,Afternoon,4.3,44.6
Continental,16,1.79,Rain,Jam,Lunch,4.8,23.2
Indian,17,6.04,Clear,High,Lunch,4.0,33.6
Chinese,27,3.15,Clear,Low,Lunch,3.4,35.7
Indian,19,17.4,Rain,Low,Lunch,4.1,61.1
American,38,1.43,Snow,Jam,Late,4.7,46.8
American,23,5.0,Clear,Medium,Lunch,3.2,36.0
Greek,28,14.59,Fog,Low,Lunch,3.1,66.4
Chinese,20,19.3,Rain,Low,Dinner,4.7,59.8
Vietnamese,14,1.73,Clear,Medium,Lunch,3.0,19.0
Mexican,33,11.75,Clear,Low,Afternoon,3.6,59.2
Chinese,8,18.09,Clear,Low,Lunch,5.0,42.9
Thai,31,7.22,Clear,Jam,Morning,4.9,63.7
American,34,0.67,Clear,Medium,Morning,4.9,39.0
Greek,25,16.33,Clear,High,Dinner,3.5,75.7
Vietnamese,20,16.22,Clear,Low,Dinner,4.1,56.9
Italian,10,15.06,Clear,Jam,Late,4.4,76.6
Greek,8,7.59,Clear,High,Lunch,4.0,35.1
Thai,8,9.94,Rain,Medium,Afternoon,3.0,43.1
Thai,28,15.58,Clear,Low,Lunch,3.1,57.7
Continental,8,10.89,Rain,Low,Afternoon,3.9,37.1
American,19,7.6,Fog,Low,Lunch,3.3,38.2
Greek,34,14.55,Snow,Medium,Dinner,4.9,83.7
Indian,39,10.13,Snow,Medium,Afternoon,5.0,69.8
American,19,10.8,Clear,High,Morning,3.6,59.8
American,28,9.52,Fog,Medium,Late,3.5,65.1
Italian,40,4.49,Clear,Medium,Morning,4.0,45.0
Mexican,11,19.47,Fog,Medium,Afternoon,3.7,78.7
Indian,33,7.54,Clear,Low,Lunch,4.9,40.2
Continental,22,18.79,Fog,Low,Lunch,3.5,69.0
Mexican,10,1.33,Rain,High,Dinner,3.5,15.1
Vietnamese,14,7.53,Rain,Low,Dinner,4.4,28.8
Greek,8,2.83,Snow,Low,Lunch,3.5,15.5
Vietnamese,25,17.13,Clear,Medium,Lunch,4.1,68.0
Thai,15,18.45,Clear,Medium,Lunch,3.8,54.2
Greek,38,11.86,Clear,Medium,Lunch,3.3,73.7
Italian,27,13.7,Clear,Medium,Dinner,3.4,57.2
American,22,1.91,Fog,High,Lunch,5.0,35.3
Greek,29,19.86,Clear,Medium,Morning,3.3,84.5
Continental,27,17.67,Clear,Low,Dinner,3.1,60.5
Continental,27,4.76,Clear,Low,Lunch,3.5,39.0
Vietnamese,22,2.87,Clear,Medium,Dinner,3.5,29.4
Greek,30,6.12,Clear,Low,Afternoon,3.0,45.6
Greek,21,4.79,Clear,Low,Lunch,3.1,32.2
Chinese,28,11.46,Clear,Low,Lunch,3.2,52.2
Thai,22,15.6,Clear,Low,Afternoon,4.6,49.2
Japanese,11,1.97,Clear,High,Lunch,4.5,16.0
Indian,23,10.77,Clear,Low,Dinner,3.3,44.4
Indian,37,3.89,Clear,Medium,Afternoon,4.6,44.8
Japanese,36,16.24,Clear,Low,Lunch,3.9,69.3
Mexican,16,8.88,Clear,Low,Dinner,3.2,30.0
Mexican,27,5.75,Clear,High,Late,3.6,43.7
Chinese,19,5.93,Clear,Medium,Morning,4.0,33.5
Italian,20,13.97,Clear,Low,Dinner,3.5,46.7
American,24,2.6,Snow,High,Morning,3.4,35.1
Vietnamese,18,16.93,Clear,Low,Lunch,4.5,53.9
Indian,36,10.26,Clear,High,Dinner,3.9,71.3
Continental,32,1.02,Snow,Low,Lunch,4.3,37.1
Thai,18,11.35,Clear,Medium,Late,4.4,46.5
Japanese,15,2.81,Clear,Medium,Afternoon,3.9,24.3
American,28,14.1,Rain,High,Afternoon,3.4,87.2
Indian,33,17.06,Clear,High,Afternoon,4.0,88.5
Thai,8,3.03,Clear,Medium,Afternoon,3.8,14.1
Italian,40,10.57,Clear,Medium,Afternoon,4.8,66.2
Thai,34,13.56,Rain,Medium,Afternoon,3.4,75.5
Greek,27,8.92,Fog,Medium,Dinner,3.7,52.8
Chinese,8,9.23,Rain,Low,Afternoon,3.7,33.3
Continental,8,12.35,Clear,Medium,Afternoon,4.5,37.4
Chinese,17,19.37,Clear,Low,Afternoon,3.8,51.7
Thai,11,4.92,Rain,High,Morning,4.3,27.4
American,10,2.49,Snow,Jam,Lunch,3.5,22.8
Thai,34,6.34,Clear,Medium,Late,4.4,48.8
Mexican,40,19.32,Clear,Medium,Dinner,3.8,86.4
Thai,38,2.03,Snow,Jam,Late,4.4,47.9
Continental,27,14.45,Snow,High,Morning,3.8,106.0
Vietnamese,20,15.09,Rain,Medium,Dinner,3.7,65.4
Italian,40,12.15,Clear,Low,Lunch,3.7,65.8
Vietnamese,14,13.04,Snow,High,Late,3.7,81.1
Indian,36,5.76,Snow,Medium,Morning,3.6,58.0
Chinese,25,6.41,Fog,High,Morning,4.7,56.0
Greek,33,14.62,Clear,Low,Dinner,3.6,56.4
Indian,32,13.24,Clear,Medium,Lunch,4.4,64.3
Italian,15,17.21,Fog,Jam,Lunch,4.0,117.4
Japanese,9,14.73,Clear,Jam,Dinner,4.3,80.5
Indian,27,12.36,Fog,High,Dinner,3.1,86.4
Greek,10,16.97,Rain,Medium,Late,4.3,65.4
Continental,27,4.13,Rain,High,Afternoon,4.9,42.0
Greek,32,18.63,Fog,High,Lunch,3.9,114.5
Japanese,35,14.49,Rain,High,Lunch,3.4,96.7
Mexican,27,19.1,Clear,Medium,Dinner,4.1,72.4
Continental,32,2.03,Rain,Medium,Lunch,4.6,37.0
Greek,27,14.9,Clear,Low,Afternoon,4.1,55.1
Vietnamese,23,11.3,Clear,Medium,Dinner,3.1,53.8
Chinese,38,11.13,Snow,Medium,Afternoon,4.2,79.8
Japanese,35,11.88,Clear,Low,Late,4.4,55.0
Vietnamese,31,18.03,Fog,Medium,Lunch,3.1,87.1
Italian,35,9.07,Rain,Low,Late,3.5,58.3
Chinese,17,11.08,Rain,Low,Dinner,4.3,41.3
Thai,18,4.64,Clear,Low,Afternoon,4.8,24.8
Japanese,36,17.3,Clear,Medium,Late,4.9,77.2
American,17,2.21,Clear,Medium,Morning,3.7,22.0
Thai,28,18.57,Fog,Medium,Lunch,4.6,80.2
Japanese,22,19.45,Clear,Medium,Lunch,4.6,68.9
Thai,18,17.52,Clear,Medium,Afternoon,4.1,60.9
Continental,29,0.7,Clear,Medium,Afternoon,3.7,34.0
Vietnamese,9,7.54,Rain,Medium,Afternoon,4.5,28.4
Italian,35,13.61,Fog,High,Lunch,4.6,90.8
Chinese,25,12.32,Snow,High,Afternoon,4.4,87.8
Japanese,8,3.04,Rain,Medium,Lunch,3.7,17.1
Continental,27,19.79,Fog,Medium,Late,4.0,86.5
Continental,10,6.46,Clear,Low,Lunch,3.9,25.0
American,24,5.06,Fog,Low,Dinner,3.7,37.8
American,37,13.95,Snow,Low,Afternoon,3.6,78.6
Italian,14,14.01,Clear,Medium,Lunch,3.7,56.0
Indian,29,9.27,Fog,Medium,Dinner,4.3,57.3
Italian,13,3.48,Fog,Jam,Afternoon,4.1,35.8
Italian,40,3.89,Fog,High,Lunch,4.9,56.2
American,16,13.56,Rain,High,Dinner,3.8,73.3
Greek,38,13.46,Fog,Medium,Dinner,4.1,79.4
Thai,12,17.12,Clear,Low,Afternoon,4.6,46.2
Vietnamese,29,11.24,Rain,Low,Dinner,3.8,55.2
American,18,7.8,Clear,Medium,Lunch,3.5,37.4
Japanese,22,19.33,Rain,High,Late,4.2,98.1
American,32,19.6,Clear,Medium,Morning,3.2,84.7
Mexican,22,2.04,Clear,Low,Lunch,4.7,27.0
Continental,34,1.72,Clear,High,Afternoon,4.4,39.0
Chinese,10,16.72,Fog,High,Dinner,4.8,85.4
American,39,7.42,Clear,Low,Afternoon,4.3,45.7
American,19,14.83,Clear,High,Lunch,4.7,69.2
American,31,0.59,Clear,Medium,Lunch,3.6,36.5
Indian,34,10.17,Clear,Low,Dinner,4.6,54.6
Continental,38,16.95,Rain,Low,Dinner,3.1,84.1
Japanese,8,2.78,Clear,Medium,Lunch,3.6,21.1
Vietnamese,11,5.33,Rain,High,Afternoon,3.1,30.5
Vietnamese,31,1.43,Clear,Low,Dinner,4.0,36.0
Indian,23,5.38,Clear,High,Late,3.7,42.4
Indian,23,5.75,Clear,Medium,Lunch,4.3,31.3
American,22,16.83,Rain,Low,Dinner,3.0,59.7
Vietnamese,11,11.92,Clear,Medium,Dinner,3.3,39.2
Italian,13,18.34,Clear,Medium,Afternoon,3.6,58.4
Thai,12,2.58,Clear,Low,Afternoon,4.2,17.0
Thai,26,7.4,Clear,Low,Lunch,3.6,42.2
Italian,28,4.22,Clear,Medium,Afternoon,4.7,41.6
Greek,10,16.6,Clear,Jam,Late,3.1,91.3
Thai,35,15.42,Clear,Medium,Afternoon,3.9,75.3
Vietnamese,25,11.82,Rain,Medium,Dinner,3.0,68.0
Indian,21,9.88,Clear,Medium,Lunch,3.7,47.4
Japanese,30,10.68,Clear,Jam,Lunch,4.1,87.4
Vietnamese,29,18.73,Rain,Medium,Afternoon,3.5,88.8
Greek,8,15.08,Clear,Medium,Lunch,4.8,42.5
American,17,13.25,Clear,Medium,Afternoon,3.7,46.8
Continental,34,7.86,Clear,Medium,Lunch,3.9,56.0
Thai,26,15.92,Clear,Medium,Lunch,3.3,67.9
Indian,19,16.99,Clear,High,Lunch,5.0,72.9
Japanese,12,10.43,Clear,Low,Dinner,4.3,38.1
American,19,1.52,Clear,Medium,Lunch,4.3,24.0
Greek,16,9.66,Rain,High,Late,3.2,56.0
Thai,22,15.93,Clear,Medium,Lunch,4.2,61.0
Mexican,11,17.42,Clear,Medium,Lunch,3.3,53.6
Thai,37,19.35,Rain,High,Dinner,4.1,116.4
American,19,1.59,Rain,Low,Afternoon,3.5,24.0
Indian,13,10.6,Clear,Medium,Morning,4.2,36.5
Indian,26,1.41,Clear,Medium,Dinner,4.4,31.0
Chinese,28,11.13,Clear,Medium,Afternoon,3.5,55.7
Italian,33,1.88,Clear,Medium,Lunch,3.2,38.0
Indian,9,4.71,Rain,Low,Dinner,4.5,19.2
Indian,33,9.72,Rain,High,Afternoon,3.3,73.6
American,16,17.02,Clear,Low,Afternoon,4.2,49.1
Thai,35,0.57,Clear,Low,Dinner,4.4,40.0
Mexican,31,10.65,Fog,High,Lunch,4.6,75.9
Indian,33,9.67,Clear,Low,Afternoon,4.6,48.5
Continental,35,8.35,Snow,High,Late,3.0,78.4
Japanese,11,16.02,Clear,Low,Late,4.8,41.2
Vietnamese,11,1.35,Clear,High,Late,4.7,16.0
Vietnamese,22,10.51,Clear,High,Lunch,4.5,58.0
Mexican,23,6.78,Clear,Low,Lunch,4.6,31.2
Greek,35,8.23,Clear,Medium,Lunch,3.3,61.3
Vietnamese,32,2.33,Clear,High,Afternoon,3.0,37.4
Chinese,20,10.54,Snow,Low,Afternoon,4.4,51.9
Thai,40,1.44,Clear,High,Late,5.0,49.6
Chinese,25,14.76,Clear,High,Dinner,3.9,80.0
Indian,39,19.17,Clear,Jam,Lunch,5.0,118.3
Vietnamese,31,10.79,Rain,High,Afternoon,3.0,70.6
Greek,10,18.5,Clear,High,Lunch,4.4,70.8
Japanese,11,13.97,Snow,High,Dinner,4.0,79.7
Indian,39,5.64,Clear,Medium,Morning,3.3,55.9
American,37,8.96,Clear,Low,Afternoon,4.9,55.2
American,38,7.18,Clear,Low,Late,4.7,55.0
Thai,38,3.71,Clear,Low,Dinner,4.3,43.0
Mexican,34,19.29,Clear,Jam,Late,4.6,120.6
Continental,25,15.39,Clear,Medium,Lunch,3.2,66.2
Chinese,19,5.36,Rain,Medium,Dinner,4.1,32.5
Japanese,32,4.57,Clear,Low,Lunch,3.9,43.5
Mexican,32,7.53,Clear,Low,Lunch,3.9,38.6
Japanese,16,12.45,Rain,Low,Late,4.5,45.7
Greek,27,3.8,Clear,Medium,Lunch,4.2,39.9
Thai,35,15.43,Clear,Medium,Lunch,3.2,79.1
Italian,13,8.73,Rain,Low,Morning,4.6,28.1
Japanese,12,17.52,Snow,Low,Dinner,3.6,60.6
Mexican,32,4.37,Clear,High,Afternoon,3.4,46.8
Thai,28,5.82,Fog,Low,Lunch,3.7,46.3
Indian,13,18.56,Rain,Low,Dinner,4.1,52.1
American,26,8.71,Snow,Medium,Dinner,4.6,56.7
Mexican,32,12.73,Rain,High,Dinner,4.1,86.6
Vietnamese,18,9.64,Clear,Medium,Dinner,4.3,35.7
Vietnamese,31,7.78,Rain,High,Dinner,3.7,69.9
Mexican,21,4.07,Clear,Low,Lunch,4.9,32.1
Mexican,33,1.27,Clear,Medium,Afternoon,3.4,38.0
Thai,26,10.58,Clear,Jam,Afternoon,4.5,75.9
Thai,34,18.35,Rain,Jam,Lunch,3.4,140.2
Continental,39,3.82,Snow,Low,Lunch,3.7,45.9
Italian,27,4.07,Clear,Medium,Lunch,3.8,36.5
American,23,15.58,Rain,Medium,Dinner,4.3,66.8
Greek,25,8.16,Clear,Medium,Lunch,4.1,42.1
Mexican,11,4.2,Snow,High,Dinner,4.1,36.2
Vietnamese,23,7.7,Clear,Jam,Dinner,4.2,62.4
American,17,17.37,Fog,Medium,Afternoon,3.3,77.5
American,21,14.48,Rain,Medium,Lunch,3.3,63.6
Italian,20,0.82,Rain,Low,Dinner,4.6,28.4
Thai,8,9.97,Clear,Low,Late,4.8,23.0
Continental,39,12.5,Clear,High,Dinner,4.2,83.8
Indian,37,16.08,Snow,High,Dinner,3.6,117.8
American,39,2.58,Clear,Jam,Dinner,4.1,51.5
American,18,17.03,Clear,Medium,Lunch,3.0,63.3
Japanese,16,12.63,Clear,Low,Dinner,3.2,37.9
Indian,27,1.76,Clear,Jam,Late,3.4,33.3
Japanese,13,9.33,Clear,Medium,Dinner,4.4,34.8
Italian,8,18.75,Clear,Jam,Afternoon,3.9,95.6
Mexican,11,18.11,Snow,Medium,Afternoon,4.7,74.9
Greek,38,1.52,Rain,Medium,Lunch,3.6,43.0
Greek,33,18.58,Rain,Jam,Late,4.3,140.1
Chinese,23,9.22,Fog,High,Afternoon,3.9,69.9
American,22,18.65,Clear,Low,Dinner,3.6,54.0
Chinese,20,15.24,Fog,Medium,Afternoon,4.0,66.3
Japanese,13,19.81,Clear,Medium,Dinner,3.3,60.6
Italian,32,18.31,Clear,High,Dinner,3.1,101.7
American,24,12.56,Rain,High,Morning,3.5,78.5
Chinese,32,13.85,Rain,High,Lunch,4.5,86.3
Mexican,36,7.01,Clear,Medium,Lunch,4.0,56.9
Indian,33,8.82,Rain,Medium,Morning,3.5,55.7
Italian,13,15.73,Clear,Medium,Afternoon,3.1,55.0
Indian,13,9.13,Clear,Medium,Afternoon,3.4,36.4
Mexican,32,12.74,Fog,Jam,Dinner,3.1,115.9
Vietnamese,11,1.42,Clear,Medium,Late,3.1,16.8
Italian,13,8.17,Clear,Low,Morning,4.1,29.2
Continental,22,10.83,Clear,Medium,Dinner,4.4,47.3
Italian,28,1.38,Clear,Low,Lunch,3.4,33.0
American,24,5.04,Rain,Jam,Lunch,3.1,56.9
Italian,40,18.85,Clear,High,Lunch,4.8,103.4
Vietnamese,14,19.14,Clear,High,Dinner,5.0,73.6
American,38,6.17,Rain,Medium,Lunch,4.0,58.2
Chinese,30,16.44,Clear,Low,Dinner,3.2,61.8
Greek,34,16.17,Rain,Jam,Morning,4.3,123.0
Indian,32,19.69,Clear,Low,Late,3.1,70.9
American,19,10.44,Clear,Medium,Lunch,4.7,50.4
Vietnamese,25,1.72,Clear,Jam,Dinner,3.4,33.8
Vietnamese,31,12.98,Clear,Jam,Late,4.4,91.6
Indian,32,18.35,Clear,High,Afternoon,4.8,91.2
Greek,35,8.88,Clear,Medium,Lunch,3.8,61.0
Japanese,21,13.14,Clear,Low,Dinner,4.1,43.0
Vietnamese,31,12.95,Clear,Jam,Dinner,4.3,91.7
American,31,13.75,Clear,Medium,Dinner,3.5,67.7
Japanese,16,15.89,Clear,Medium,Dinner,3.5,54.8
American,39,9.3,Clear,Medium,Late,4.0,59.5
Indian,37,7.48,Clear,Low,Late,4.0,50.4
Continental,35,10.12,Clear,Low,Late,3.8,55.8
Greek,27,11.48,Clear,Low,Dinner,3.6,44.5
Vietnamese,25,19.08,Clear,Low,Afternoon,4.1,66.5
Mexican,31,4.94,Clear,Low,Afternoon,4.5,36.0
Indian,34,15.13,Clear,Low,Lunch,3.3,68.3
Chinese,8,15.07,Fog,Medium,Dinner,4.3,59.1
Mexican,31,5.96,Rain,High,Morning,4.4,48.1
Indian,30,0.95,Clear,Medium,Late,4.9,35.0
Greek,32,15.42,Rain,Medium,Lunch,4.9,73.4
American,18,5.55,Clear,Low,Dinner,3.2,28.0
Indian,30,17.96,Clear,Medium,Afternoon,3.6,72.6
American,37,10.91,Clear,Medium,Dinner,3.4,63.3
Mexican,34,2.96,Clear,Medium,Afternoon,4.7,42.2
Italian,14,17.19,Rain,High,Dinner,3.4,83.5
Mexican,31,5.57,Snow,Low,Lunch,3.8,49.8
Indian,38,16.2,Rain,Jam,Dinner,4.1,136.8
Greek,28,12.64,Snow,Medium,Afternoon,5.0,75.6
Thai,34,19.88,Clear,Medium,Dinner,4.5,83.6
Mexican,29,19.58,Snow,Jam,Lunch,4.4,164.3
Mexican,8,2.24,Clear,Low,Afternoon,4.9,13.0
Chinese,32,7.02,Clear,Jam,Lunch,3.0,63.6
American,28,10.89,Rain,High,Late,3.7,71.8
Vietnamese,22,2.16,Clear,Low,Lunch,3.7,27.0
Thai,11,3.58,Clear,Medium,Dinner,3.3,21.7
Italian,27,5.08,Fog,High,Morning,3.1,47.8
Japanese,8,3.3,Clear,High,Lunch,3.5,18.0
Indian,13,8.06,Clear,Medium,Lunch,3.6,36.8
Japanese,35,17.41,Clear,High,Dinner,4.0,94.6
Thai,28,15.96,Rain,Medium,Late,4.7,73.5
Greek,24,1.94,Rain,High,Afternoon,3.4,32.8
Greek,22,1.22,Clear,High,Late,3.2,30.2
Vietnamese,30,15.46,Clear,Low,Lunch,3.5,60.4
Japanese,35,1.83,Clear,Medium,Lunch,3.4,42.6
Mexican,27,19.36,Clear,High,Lunch,3.8,101.4
Continental,16,19.29,Clear,Medium,Dinner,4.0,63.1
Continental,34,3.71,Rain,Jam,Dinner,4.9,57.4
Vietnamese,25,1.97,Clear,Low,Dinner,4.1,30.0
Greek,16,13.02,Clear,Medium,Dinner,3.8,47.6
Italian,35,17.96,Clear,Low,Dinner,3.9,74.0
Thai,22,2.04,Clear,Low,Lunch,3.0,27.3
Thai,37,19.35,Clear,Medium,Afternoon,3.4,83.2
Greek,37,2.69,Clear,Low,Dinner,4.6,42.0
Thai,22,2.82,Rain,Jam,Lunch,3.5,38.7
Greek,37,3.71,Clear,Jam,Afternoon,3.7,53.0
Mexican,29,8.11,Rain,Medium,Lunch,4.4,54.9
Indian,35,16.56,Clear,Jam,Dinner,3.1,116.7
Mexican,27,12.6,Clear,Medium,Dinner,4.7,62.5
Vietnamese,30,7.61,Clear,Medium,Afternoon,3.9,46.6
Greek,34,15.11,Rain,Medium,Late,3.5,79.4
Indian,38,17.36,Rain,High,Dinner,4.7,110.2
Thai,26,7.57,Clear,High,Morning,4.3,52.3
Italian,13,9.03,Rain,High,Dinner,3.0,49.8
Greek,37,2.64,Clear,High,Dinner,3.5,45.5
Japanese,17,8.64,Rain,High,Lunch,3.9,51.1
American,24,6.92,Clear,Jam,Late,4.1,55.7
Continental,34,17.34,Clear,Medium,Afternoon,3.2,71.4
Chinese,10,14.87,Clear,Medium,Lunch,4.2,42.9
Japanese,32,7.6,Snow,Low,Late,4.5,50.4
American,39,4.59,Clear,High,Morning,3.4,58.7
Mexican,30,0.99,Clear,Low,Lunch,4.5,35.0
Greek,22,17.62,Clear,Jam,Dinner,3.7,105.2
Vietnamese,20,11.15,Snow,Medium,Lunch,3.2,58.2
Mexican,8,16.88,Clear,High,Afternoon,3.3,66.9
Chinese,30,19.29,Fog,Medium,Dinner,4.5,88.1
Mexican,11,13.59,Clear,High,Dinner,3.8,61.0
Japanese,12,3.92,Snow,Jam,Afternoon,3.1,37.8
Continental,22,19.61,Snow,High,Afternoon,4.8,119.6
Mexican,15,14.77,Clear,High,Lunch,3.4,60.4
Vietnamese,23,17.26,Fog,Low,Morning,4.2,64.5
Indian,38,12.88,Clear,Medium,Dinner,4.3,72.1
Italian,22,7.22,Clear,Medium,Dinner,4.5,35.2
Thai,18,16.18,Snow,Medium,Afternoon,4.5,79.1
Indian,32,19.94,Clear,Medium,Dinner,4.8,81.8
Chinese,8,8.04,Clear,Low,Afternoon,4.3,23.3
Indian,35,7.65,Snow,Low,Lunch,4.6,57.3
Mexican,29,3.88,Clear,High,Afternoon,5.0,42.4
Continental,39,1.57,Clear,High,Morning,4.1,44.0
Japanese,24,3.9,Clear,High,Lunch,3.5,40.4
Greek,38,14.72,Rain,Low,Afternoon,4.7,68.1
American,22,19.81,Fog,Low,Afternoon,4.7,68.6
American,19,17.91,Clear,Low,Afternoon,3.6,58.7
Mexican,32,14.69,Clear,Medium,Dinner,3.9,70.1
Thai,40,12.47,Rain,High,Lunch,3.4,93.0
Chinese,38,9.22,Clear,Medium,Morning,3.8,65.1
Continental,30,4.38,Clear,Low,Lunch,4.5,35.0
Italian,35,17.94,Rain,High,Lunch,3.1,114.0
Japanese,8,17.94,Clear,Medium,Afternoon,3.5,53.3
Continental,22,6.12,Clear,Low,Lunch,3.9,27.7
Mexican,33,9.39,Clear,Medium,Late,3.2,50.2
Greek,10,18.71,Fog,High,Morning,4.0,96.3
Continental,22,5.49,Fog,High,Afternoon,4.3,43.7
Indian,34,19.3,Clear,High,Lunch,4.1,93.6
